local_label	global_label	context	replicate	recovery_top100
Mac1	Macrophages	local	0	0.875
immature LAMs	Macrophages	local	0	0.8
mature LAMs	Macrophages	local	0	0.7777777777777778
Pre-moKCs and moKCs	Macrophages	local	0	1.0
ResKCs	Macrophages	local	0	0.3
Mono	Mono+mono derived cells	local	0	0.8888888888888888
Pat Mono	Mono+mono derived cells	local	0	0.6666666666666666
cDC1s	cDC1s	local	0	0.8
cDC2s	cDC2s	local	0	0.5
Mig cDCs	Mig.cDCs	local	0	0.8
Mac1	Macrophages	local	1	0.875
immature LAMs	Macrophages	local	1	0.8
mature LAMs	Macrophages	local	1	0.7777777777777778
Pre-moKCs and moKCs	Macrophages	local	1	1.0
ResKCs	Macrophages	local	1	0.4
Mono	Mono+mono derived cells	local	1	0.8888888888888888
Pat Mono	Mono+mono derived cells	local	1	0.6666666666666666
cDC1s	cDC1s	local	1	0.8
cDC2s	cDC2s	local	1	0.5
Mig cDCs	Mig.cDCs	local	1	0.7
Mac1	Macrophages	local	2	0.875
immature LAMs	Macrophages	local	2	0.7
mature LAMs	Macrophages	local	2	0.7777777777777778
Pre-moKCs and moKCs	Macrophages	local	2	1.0
ResKCs	Macrophages	local	2	0.4
Mono	Mono+mono derived cells	local	2	0.8888888888888888
Pat Mono	Mono+mono derived cells	local	2	0.6666666666666666
cDC1s	cDC1s	local	2	0.8
cDC2s	cDC2s	local	2	0.5
Mig cDCs	Mig.cDCs	local	2	0.7
Mac1	Macrophages	local	3	0.875
immature LAMs	Macrophages	local	3	0.8
mature LAMs	Macrophages	local	3	0.7777777777777778
Pre-moKCs and moKCs	Macrophages	local	3	1.0
ResKCs	Macrophages	local	3	0.4
Mono	Mono+mono derived cells	local	3	0.8888888888888888
Pat Mono	Mono+mono derived cells	local	3	0.6666666666666666
cDC1s	cDC1s	local	3	0.8
cDC2s	cDC2s	local	3	0.5
Mig cDCs	Mig.cDCs	local	3	0.7
Mac1	Macrophages	local	4	0.875
immature LAMs	Macrophages	local	4	0.8
mature LAMs	Macrophages	local	4	0.7777777777777778
Pre-moKCs and moKCs	Macrophages	local	4	1.0
ResKCs	Macrophages	local	4	0.4
Mono	Mono+mono derived cells	local	4	0.8888888888888888
Pat Mono	Mono+mono derived cells	local	4	0.6666666666666666
cDC1s	cDC1s	local	4	0.8
cDC2s	cDC2s	local	4	0.5
Mig cDCs	Mig.cDCs	local	4	0.7
Mac1	Macrophages	local	5	0.875
immature LAMs	Macrophages	local	5	0.8
mature LAMs	Macrophages	local	5	0.7777777777777778
Pre-moKCs and moKCs	Macrophages	local	5	1.0
ResKCs	Macrophages	local	5	0.4
Mono	Mono+mono derived cells	local	5	0.8888888888888888
Pat Mono	Mono+mono derived cells	local	5	0.6666666666666666
cDC1s	cDC1s	local	5	0.8
cDC2s	cDC2s	local	5	0.5
Mig cDCs	Mig.cDCs	local	5	0.7
Mac1	Macrophages	local	6	0.875
immature LAMs	Macrophages	local	6	0.8
mature LAMs	Macrophages	local	6	0.7777777777777778
Pre-moKCs and moKCs	Macrophages	local	6	0.875
ResKCs	Macrophages	local	6	0.3
Mono	Mono+mono derived cells	local	6	0.8888888888888888
Pat Mono	Mono+mono derived cells	local	6	0.7777777777777778
cDC1s	cDC1s	local	6	0.8
cDC2s	cDC2s	local	6	0.5
Mig cDCs	Mig.cDCs	local	6	0.7
Mac1	Macrophages	local	7	0.875
immature LAMs	Macrophages	local	7	0.8
mature LAMs	Macrophages	local	7	0.7777777777777778
Pre-moKCs and moKCs	Macrophages	local	7	0.875
ResKCs	Macrophages	local	7	0.4
Mono	Mono+mono derived cells	local	7	0.8888888888888888
Pat Mono	Mono+mono derived cells	local	7	0.6666666666666666
cDC1s	cDC1s	local	7	0.8
cDC2s	cDC2s	local	7	0.5
Mig cDCs	Mig.cDCs	local	7	0.7
Mac1	Macrophages	local	8	0.875
immature LAMs	Macrophages	local	8	0.8
mature LAMs	Macrophages	local	8	0.7777777777777778
Pre-moKCs and moKCs	Macrophages	local	8	1.0
ResKCs	Macrophages	local	8	0.3
Mono	Mono+mono derived cells	local	8	0.8888888888888888
Pat Mono	Mono+mono derived cells	local	8	0.6666666666666666
cDC1s	cDC1s	local	8	0.8
cDC2s	cDC2s	local	8	0.5
Mig cDCs	Mig.cDCs	local	8	0.7
Mac1	Macrophages	local	9	0.875
immature LAMs	Macrophages	local	9	0.8
mature LAMs	Macrophages	local	9	0.7777777777777778
Pre-moKCs and moKCs	Macrophages	local	9	1.0
ResKCs	Macrophages	local	9	0.4
Mono	Mono+mono derived cells	local	9	0.8888888888888888
Pat Mono	Mono+mono derived cells	local	9	0.6666666666666666
cDC1s	cDC1s	local	9	0.8
cDC2s	cDC2s	local	9	0.5
Mig cDCs	Mig.cDCs	local	9	0.8
Mac1	Macrophages	local	10	0.875
immature LAMs	Macrophages	local	10	0.8
mature LAMs	Macrophages	local	10	0.7777777777777778
Pre-moKCs and moKCs	Macrophages	local	10	0.875
ResKCs	Macrophages	local	10	0.4
Mono	Mono+mono derived cells	local	10	0.8888888888888888
Pat Mono	Mono+mono derived cells	local	10	0.6666666666666666
cDC1s	cDC1s	local	10	0.8
cDC2s	cDC2s	local	10	0.5
Mig cDCs	Mig.cDCs	local	10	0.7
Mac1	Macrophages	local	11	0.875
immature LAMs	Macrophages	local	11	0.8
mature LAMs	Macrophages	local	11	0.7777777777777778
Pre-moKCs and moKCs	Macrophages	local	11	1.0
ResKCs	Macrophages	local	11	0.3
Mono	Mono+mono derived cells	local	11	0.8888888888888888
Pat Mono	Mono+mono derived cells	local	11	0.7777777777777778
cDC1s	cDC1s	local	11	0.8
cDC2s	cDC2s	local	11	0.5
Mig cDCs	Mig.cDCs	local	11	0.7
Mac1	Macrophages	local	12	0.875
immature LAMs	Macrophages	local	12	0.8
mature LAMs	Macrophages	local	12	0.7777777777777778
Pre-moKCs and moKCs	Macrophages	local	12	1.0
ResKCs	Macrophages	local	12	0.4
Mono	Mono+mono derived cells	local	12	0.8888888888888888
Pat Mono	Mono+mono derived cells	local	12	0.7777777777777778
cDC1s	cDC1s	local	12	0.8
cDC2s	cDC2s	local	12	0.5
Mig cDCs	Mig.cDCs	local	12	0.7
Mac1	Macrophages	local	13	0.875
immature LAMs	Macrophages	local	13	0.8
mature LAMs	Macrophages	local	13	0.7777777777777778
Pre-moKCs and moKCs	Macrophages	local	13	1.0
ResKCs	Macrophages	local	13	0.4
Mono	Mono+mono derived cells	local	13	0.8888888888888888
Pat Mono	Mono+mono derived cells	local	13	0.6666666666666666
cDC1s	cDC1s	local	13	0.8
cDC2s	cDC2s	local	13	0.5
Mig cDCs	Mig.cDCs	local	13	0.7
Mac1	Macrophages	local	14	0.875
immature LAMs	Macrophages	local	14	0.8
mature LAMs	Macrophages	local	14	0.7777777777777778
Pre-moKCs and moKCs	Macrophages	local	14	1.0
ResKCs	Macrophages	local	14	0.4
Mono	Mono+mono derived cells	local	14	0.8888888888888888
Pat Mono	Mono+mono derived cells	local	14	0.6666666666666666
cDC1s	cDC1s	local	14	0.8
cDC2s	cDC2s	local	14	0.5
Mig cDCs	Mig.cDCs	local	14	0.8
Mac1	Macrophages	local	15	0.875
immature LAMs	Macrophages	local	15	0.8
mature LAMs	Macrophages	local	15	0.7777777777777778
Pre-moKCs and moKCs	Macrophages	local	15	1.0
ResKCs	Macrophages	local	15	0.3
Mono	Mono+mono derived cells	local	15	0.8888888888888888
Pat Mono	Mono+mono derived cells	local	15	0.6666666666666666
cDC1s	cDC1s	local	15	0.8
cDC2s	cDC2s	local	15	0.5
Mig cDCs	Mig.cDCs	local	15	0.8
Mac1	Macrophages	local	16	0.875
immature LAMs	Macrophages	local	16	0.8
mature LAMs	Macrophages	local	16	0.7777777777777778
Pre-moKCs and moKCs	Macrophages	local	16	1.0
ResKCs	Macrophages	local	16	0.4
Mono	Mono+mono derived cells	local	16	0.8888888888888888
Pat Mono	Mono+mono derived cells	local	16	0.6666666666666666
cDC1s	cDC1s	local	16	0.8
cDC2s	cDC2s	local	16	0.5
Mig cDCs	Mig.cDCs	local	16	0.7
Mac1	Macrophages	local	17	0.875
immature LAMs	Macrophages	local	17	0.8
mature LAMs	Macrophages	local	17	0.7777777777777778
Pre-moKCs and moKCs	Macrophages	local	17	1.0
ResKCs	Macrophages	local	17	0.4
Mono	Mono+mono derived cells	local	17	0.8888888888888888
Pat Mono	Mono+mono derived cells	local	17	0.6666666666666666
cDC1s	cDC1s	local	17	0.8
cDC2s	cDC2s	local	17	0.5
Mig cDCs	Mig.cDCs	local	17	0.7
Mac1	Macrophages	local	18	0.875
immature LAMs	Macrophages	local	18	0.8
mature LAMs	Macrophages	local	18	0.7777777777777778
Pre-moKCs and moKCs	Macrophages	local	18	0.875
ResKCs	Macrophages	local	18	0.3
Mono	Mono+mono derived cells	local	18	0.8888888888888888
Pat Mono	Mono+mono derived cells	local	18	0.6666666666666666
cDC1s	cDC1s	local	18	0.8
cDC2s	cDC2s	local	18	0.5
Mig cDCs	Mig.cDCs	local	18	0.7
Mac1	Macrophages	local	19	0.875
immature LAMs	Macrophages	local	19	0.8
mature LAMs	Macrophages	local	19	0.7777777777777778
Pre-moKCs and moKCs	Macrophages	local	19	1.0
ResKCs	Macrophages	local	19	0.4
Mono	Mono+mono derived cells	local	19	0.8888888888888888
Pat Mono	Mono+mono derived cells	local	19	0.6666666666666666
cDC1s	cDC1s	local	19	0.8
cDC2s	cDC2s	local	19	0.5
Mig cDCs	Mig.cDCs	local	19	0.6
Mac1	Macrophages	local	20	0.875
immature LAMs	Macrophages	local	20	0.8
mature LAMs	Macrophages	local	20	0.7777777777777778
Pre-moKCs and moKCs	Macrophages	local	20	1.0
ResKCs	Macrophages	local	20	0.4
Mono	Mono+mono derived cells	local	20	0.8888888888888888
Pat Mono	Mono+mono derived cells	local	20	0.7777777777777778
cDC1s	cDC1s	local	20	0.8
cDC2s	cDC2s	local	20	0.5
Mig cDCs	Mig.cDCs	local	20	0.7
Mac1	Macrophages	local	21	0.875
immature LAMs	Macrophages	local	21	0.8
mature LAMs	Macrophages	local	21	0.7777777777777778
Pre-moKCs and moKCs	Macrophages	local	21	1.0
ResKCs	Macrophages	local	21	0.4
Mono	Mono+mono derived cells	local	21	0.8888888888888888
Pat Mono	Mono+mono derived cells	local	21	0.7777777777777778
cDC1s	cDC1s	local	21	0.8
cDC2s	cDC2s	local	21	0.5
Mig cDCs	Mig.cDCs	local	21	0.6
Mac1	Macrophages	local	22	0.875
immature LAMs	Macrophages	local	22	0.8
mature LAMs	Macrophages	local	22	0.7777777777777778
Pre-moKCs and moKCs	Macrophages	local	22	1.0
ResKCs	Macrophages	local	22	0.4
Mono	Mono+mono derived cells	local	22	0.8888888888888888
Pat Mono	Mono+mono derived cells	local	22	0.6666666666666666
cDC1s	cDC1s	local	22	0.8
cDC2s	cDC2s	local	22	0.5
Mig cDCs	Mig.cDCs	local	22	0.7
Mac1	Macrophages	local	23	0.875
immature LAMs	Macrophages	local	23	0.8
mature LAMs	Macrophages	local	23	0.7777777777777778
Pre-moKCs and moKCs	Macrophages	local	23	1.0
ResKCs	Macrophages	local	23	0.3
Mono	Mono+mono derived cells	local	23	0.8888888888888888
Pat Mono	Mono+mono derived cells	local	23	0.6666666666666666
cDC1s	cDC1s	local	23	0.8
cDC2s	cDC2s	local	23	0.5
Mig cDCs	Mig.cDCs	local	23	0.7
Mac1	Macrophages	local	24	0.875
immature LAMs	Macrophages	local	24	0.8
mature LAMs	Macrophages	local	24	0.7777777777777778
Pre-moKCs and moKCs	Macrophages	local	24	1.0
ResKCs	Macrophages	local	24	0.4
Mono	Mono+mono derived cells	local	24	0.8888888888888888
Pat Mono	Mono+mono derived cells	local	24	0.6666666666666666
cDC1s	cDC1s	local	24	0.8
cDC2s	cDC2s	local	24	0.5
Mig cDCs	Mig.cDCs	local	24	0.7
Mac1	Macrophages	local	25	0.875
immature LAMs	Macrophages	local	25	0.8
mature LAMs	Macrophages	local	25	0.7777777777777778
Pre-moKCs and moKCs	Macrophages	local	25	1.0
ResKCs	Macrophages	local	25	0.4
Mono	Mono+mono derived cells	local	25	0.8888888888888888
Pat Mono	Mono+mono derived cells	local	25	0.6666666666666666
cDC1s	cDC1s	local	25	0.8
cDC2s	cDC2s	local	25	0.5
Mig cDCs	Mig.cDCs	local	25	0.7
Mac1	Macrophages	local	26	0.875
immature LAMs	Macrophages	local	26	0.8
mature LAMs	Macrophages	local	26	0.7777777777777778
Pre-moKCs and moKCs	Macrophages	local	26	1.0
ResKCs	Macrophages	local	26	0.3
Mono	Mono+mono derived cells	local	26	0.8888888888888888
Pat Mono	Mono+mono derived cells	local	26	0.6666666666666666
cDC1s	cDC1s	local	26	0.8
cDC2s	cDC2s	local	26	0.5
Mig cDCs	Mig.cDCs	local	26	0.7
Mac1	Macrophages	local	27	0.875
immature LAMs	Macrophages	local	27	0.8
mature LAMs	Macrophages	local	27	0.7777777777777778
Pre-moKCs and moKCs	Macrophages	local	27	1.0
ResKCs	Macrophages	local	27	0.4
Mono	Mono+mono derived cells	local	27	0.8888888888888888
Pat Mono	Mono+mono derived cells	local	27	0.6666666666666666
cDC1s	cDC1s	local	27	0.8
cDC2s	cDC2s	local	27	0.5
Mig cDCs	Mig.cDCs	local	27	0.8
Mac1	Macrophages	local	28	0.875
immature LAMs	Macrophages	local	28	0.8
mature LAMs	Macrophages	local	28	0.7777777777777778
Pre-moKCs and moKCs	Macrophages	local	28	1.0
ResKCs	Macrophages	local	28	0.4
Mono	Mono+mono derived cells	local	28	0.8888888888888888
Pat Mono	Mono+mono derived cells	local	28	0.6666666666666666
cDC1s	cDC1s	local	28	0.8
cDC2s	cDC2s	local	28	0.5
Mig cDCs	Mig.cDCs	local	28	0.7
Mac1	Macrophages	local	29	0.875
immature LAMs	Macrophages	local	29	0.8
mature LAMs	Macrophages	local	29	0.8888888888888888
Pre-moKCs and moKCs	Macrophages	local	29	1.0
ResKCs	Macrophages	local	29	0.3
Mono	Mono+mono derived cells	local	29	0.8888888888888888
Pat Mono	Mono+mono derived cells	local	29	0.6666666666666666
cDC1s	cDC1s	local	29	0.8
cDC2s	cDC2s	local	29	0.5
Mig cDCs	Mig.cDCs	local	29	0.7
Mac1	Macrophages	local	30	0.875
immature LAMs	Macrophages	local	30	0.8
mature LAMs	Macrophages	local	30	0.7777777777777778
Pre-moKCs and moKCs	Macrophages	local	30	1.0
ResKCs	Macrophages	local	30	0.3
Mono	Mono+mono derived cells	local	30	0.8888888888888888
Pat Mono	Mono+mono derived cells	local	30	0.7777777777777778
cDC1s	cDC1s	local	30	0.8
cDC2s	cDC2s	local	30	0.5
Mig cDCs	Mig.cDCs	local	30	0.7
Mac1	Macrophages	local	31	0.875
immature LAMs	Macrophages	local	31	0.8
mature LAMs	Macrophages	local	31	0.7777777777777778
Pre-moKCs and moKCs	Macrophages	local	31	0.875
ResKCs	Macrophages	local	31	0.4
Mono	Mono+mono derived cells	local	31	0.8888888888888888
Pat Mono	Mono+mono derived cells	local	31	0.6666666666666666
cDC1s	cDC1s	local	31	0.8
cDC2s	cDC2s	local	31	0.5
Mig cDCs	Mig.cDCs	local	31	0.7
Mac1	Macrophages	local	32	0.875
immature LAMs	Macrophages	local	32	0.8
mature LAMs	Macrophages	local	32	0.7777777777777778
Pre-moKCs and moKCs	Macrophages	local	32	0.875
ResKCs	Macrophages	local	32	0.4
Mono	Mono+mono derived cells	local	32	0.8888888888888888
Pat Mono	Mono+mono derived cells	local	32	0.6666666666666666
cDC1s	cDC1s	local	32	0.8
cDC2s	cDC2s	local	32	0.5
Mig cDCs	Mig.cDCs	local	32	0.6
Mac1	Macrophages	local	33	0.875
immature LAMs	Macrophages	local	33	0.8
mature LAMs	Macrophages	local	33	0.7777777777777778
Pre-moKCs and moKCs	Macrophages	local	33	1.0
ResKCs	Macrophages	local	33	0.3
Mono	Mono+mono derived cells	local	33	0.8888888888888888
Pat Mono	Mono+mono derived cells	local	33	0.6666666666666666
cDC1s	cDC1s	local	33	0.8
cDC2s	cDC2s	local	33	0.5
Mig cDCs	Mig.cDCs	local	33	0.7
Mac1	Macrophages	local	34	0.875
immature LAMs	Macrophages	local	34	0.8
mature LAMs	Macrophages	local	34	0.7777777777777778
Pre-moKCs and moKCs	Macrophages	local	34	1.0
ResKCs	Macrophages	local	34	0.4
Mono	Mono+mono derived cells	local	34	0.8888888888888888
Pat Mono	Mono+mono derived cells	local	34	0.7777777777777778
cDC1s	cDC1s	local	34	0.8
cDC2s	cDC2s	local	34	0.5
Mig cDCs	Mig.cDCs	local	34	0.8
Mac1	Macrophages	local	35	0.875
immature LAMs	Macrophages	local	35	0.8
mature LAMs	Macrophages	local	35	0.7777777777777778
Pre-moKCs and moKCs	Macrophages	local	35	1.0
ResKCs	Macrophages	local	35	0.4
Mono	Mono+mono derived cells	local	35	0.8888888888888888
Pat Mono	Mono+mono derived cells	local	35	0.6666666666666666
cDC1s	cDC1s	local	35	0.8
cDC2s	cDC2s	local	35	0.5
Mig cDCs	Mig.cDCs	local	35	0.7
Mac1	Macrophages	local	36	0.875
immature LAMs	Macrophages	local	36	0.8
mature LAMs	Macrophages	local	36	0.7777777777777778
Pre-moKCs and moKCs	Macrophages	local	36	1.0
ResKCs	Macrophages	local	36	0.4
Mono	Mono+mono derived cells	local	36	0.8888888888888888
Pat Mono	Mono+mono derived cells	local	36	0.6666666666666666
cDC1s	cDC1s	local	36	0.8
cDC2s	cDC2s	local	36	0.5
Mig cDCs	Mig.cDCs	local	36	0.7
Mac1	Macrophages	local	37	0.875
immature LAMs	Macrophages	local	37	0.8
mature LAMs	Macrophages	local	37	0.7777777777777778
Pre-moKCs and moKCs	Macrophages	local	37	1.0
ResKCs	Macrophages	local	37	0.4
Mono	Mono+mono derived cells	local	37	0.8888888888888888
Pat Mono	Mono+mono derived cells	local	37	0.6666666666666666
cDC1s	cDC1s	local	37	0.8
cDC2s	cDC2s	local	37	0.5
Mig cDCs	Mig.cDCs	local	37	0.6
Mac1	Macrophages	local	38	0.875
immature LAMs	Macrophages	local	38	0.8
mature LAMs	Macrophages	local	38	0.7777777777777778
Pre-moKCs and moKCs	Macrophages	local	38	1.0
ResKCs	Macrophages	local	38	0.4
Mono	Mono+mono derived cells	local	38	0.8888888888888888
Pat Mono	Mono+mono derived cells	local	38	0.6666666666666666
cDC1s	cDC1s	local	38	0.8
cDC2s	cDC2s	local	38	0.5
Mig cDCs	Mig.cDCs	local	38	0.6
Mac1	Macrophages	local	39	0.875
immature LAMs	Macrophages	local	39	0.8
mature LAMs	Macrophages	local	39	0.7777777777777778
Pre-moKCs and moKCs	Macrophages	local	39	1.0
ResKCs	Macrophages	local	39	0.4
Mono	Mono+mono derived cells	local	39	0.8888888888888888
Pat Mono	Mono+mono derived cells	local	39	0.6666666666666666
cDC1s	cDC1s	local	39	0.8
cDC2s	cDC2s	local	39	0.5
Mig cDCs	Mig.cDCs	local	39	0.7
Mac1	Macrophages	local	40	0.875
immature LAMs	Macrophages	local	40	0.8
mature LAMs	Macrophages	local	40	0.7777777777777778
Pre-moKCs and moKCs	Macrophages	local	40	1.0
ResKCs	Macrophages	local	40	0.3
Mono	Mono+mono derived cells	local	40	0.8888888888888888
Pat Mono	Mono+mono derived cells	local	40	0.7777777777777778
cDC1s	cDC1s	local	40	0.8
cDC2s	cDC2s	local	40	0.5
Mig cDCs	Mig.cDCs	local	40	0.7
Mac1	Macrophages	local	41	0.875
immature LAMs	Macrophages	local	41	0.8
mature LAMs	Macrophages	local	41	0.7777777777777778
Pre-moKCs and moKCs	Macrophages	local	41	1.0
ResKCs	Macrophages	local	41	0.4
Mono	Mono+mono derived cells	local	41	0.8888888888888888
Pat Mono	Mono+mono derived cells	local	41	0.6666666666666666
cDC1s	cDC1s	local	41	0.8
cDC2s	cDC2s	local	41	0.5
Mig cDCs	Mig.cDCs	local	41	0.7
Mac1	Macrophages	local	42	0.875
immature LAMs	Macrophages	local	42	0.8
mature LAMs	Macrophages	local	42	0.7777777777777778
Pre-moKCs and moKCs	Macrophages	local	42	0.875
ResKCs	Macrophages	local	42	0.3
Mono	Mono+mono derived cells	local	42	0.8888888888888888
Pat Mono	Mono+mono derived cells	local	42	0.6666666666666666
cDC1s	cDC1s	local	42	0.8
cDC2s	cDC2s	local	42	0.5
Mig cDCs	Mig.cDCs	local	42	0.8
Mac1	Macrophages	local	43	0.875
immature LAMs	Macrophages	local	43	0.8
mature LAMs	Macrophages	local	43	0.7777777777777778
Pre-moKCs and moKCs	Macrophages	local	43	1.0
ResKCs	Macrophages	local	43	0.3
Mono	Mono+mono derived cells	local	43	0.8888888888888888
Pat Mono	Mono+mono derived cells	local	43	0.6666666666666666
cDC1s	cDC1s	local	43	0.8
cDC2s	cDC2s	local	43	0.5
Mig cDCs	Mig.cDCs	local	43	0.7
Mac1	Macrophages	local	44	0.875
immature LAMs	Macrophages	local	44	0.8
mature LAMs	Macrophages	local	44	0.7777777777777778
Pre-moKCs and moKCs	Macrophages	local	44	1.0
ResKCs	Macrophages	local	44	0.4
Mono	Mono+mono derived cells	local	44	0.8888888888888888
Pat Mono	Mono+mono derived cells	local	44	0.6666666666666666
cDC1s	cDC1s	local	44	0.8
cDC2s	cDC2s	local	44	0.5
Mig cDCs	Mig.cDCs	local	44	0.8
Mac1	Macrophages	local	45	0.875
immature LAMs	Macrophages	local	45	0.8
mature LAMs	Macrophages	local	45	0.7777777777777778
Pre-moKCs and moKCs	Macrophages	local	45	1.0
ResKCs	Macrophages	local	45	0.4
Mono	Mono+mono derived cells	local	45	0.8888888888888888
Pat Mono	Mono+mono derived cells	local	45	0.6666666666666666
cDC1s	cDC1s	local	45	0.8
cDC2s	cDC2s	local	45	0.5
Mig cDCs	Mig.cDCs	local	45	0.7
Mac1	Macrophages	local	46	0.875
immature LAMs	Macrophages	local	46	0.8
mature LAMs	Macrophages	local	46	0.7777777777777778
Pre-moKCs and moKCs	Macrophages	local	46	1.0
ResKCs	Macrophages	local	46	0.4
Mono	Mono+mono derived cells	local	46	0.8888888888888888
Pat Mono	Mono+mono derived cells	local	46	0.6666666666666666
cDC1s	cDC1s	local	46	0.8
cDC2s	cDC2s	local	46	0.5
Mig cDCs	Mig.cDCs	local	46	0.7
Mac1	Macrophages	local	47	0.875
immature LAMs	Macrophages	local	47	0.8
mature LAMs	Macrophages	local	47	0.7777777777777778
Pre-moKCs and moKCs	Macrophages	local	47	1.0
ResKCs	Macrophages	local	47	0.4
Mono	Mono+mono derived cells	local	47	0.8888888888888888
Pat Mono	Mono+mono derived cells	local	47	0.7777777777777778
cDC1s	cDC1s	local	47	0.8
cDC2s	cDC2s	local	47	0.5
Mig cDCs	Mig.cDCs	local	47	0.8
Mac1	Macrophages	local	48	0.875
immature LAMs	Macrophages	local	48	0.8
mature LAMs	Macrophages	local	48	0.7777777777777778
Pre-moKCs and moKCs	Macrophages	local	48	1.0
ResKCs	Macrophages	local	48	0.4
Mono	Mono+mono derived cells	local	48	0.8888888888888888
Pat Mono	Mono+mono derived cells	local	48	0.6666666666666666
cDC1s	cDC1s	local	48	0.8
cDC2s	cDC2s	local	48	0.5
Mig cDCs	Mig.cDCs	local	48	0.8
Mac1	Macrophages	local	49	0.875
immature LAMs	Macrophages	local	49	0.8
mature LAMs	Macrophages	local	49	0.7777777777777778
Pre-moKCs and moKCs	Macrophages	local	49	1.0
ResKCs	Macrophages	local	49	0.4
Mono	Mono+mono derived cells	local	49	0.8888888888888888
Pat Mono	Mono+mono derived cells	local	49	0.6666666666666666
cDC1s	cDC1s	local	49	0.8
cDC2s	cDC2s	local	49	0.5
Mig cDCs	Mig.cDCs	local	49	0.7
Mac1	Macrophages	global	0	0.25
immature LAMs	Macrophages	global	0	0.1
mature LAMs	Macrophages	global	0	0.2222222222222222
Pre-moKCs and moKCs	Macrophages	global	0	0.375
ResKCs	Macrophages	global	0	0.2
Mono	Mono+mono derived cells	global	0	0.1111111111111111
Pat Mono	Mono+mono derived cells	global	0	0.0
cDC1s	cDC1s	global	0	0.3
cDC2s	cDC2s	global	0	0.0
Mig cDCs	Mig.cDCs	global	0	0.5
Mac1	Macrophages	global	1	0.125
immature LAMs	Macrophages	global	1	0.1
mature LAMs	Macrophages	global	1	0.2222222222222222
Pre-moKCs and moKCs	Macrophages	global	1	0.25
ResKCs	Macrophages	global	1	0.2
Mono	Mono+mono derived cells	global	1	0.1111111111111111
Pat Mono	Mono+mono derived cells	global	1	0.0
cDC1s	cDC1s	global	1	0.3
cDC2s	cDC2s	global	1	0.0
Mig cDCs	Mig.cDCs	global	1	0.4
Mac1	Macrophages	global	2	0.25
immature LAMs	Macrophages	global	2	0.1
mature LAMs	Macrophages	global	2	0.2222222222222222
Pre-moKCs and moKCs	Macrophages	global	2	0.375
ResKCs	Macrophages	global	2	0.2
Mono	Mono+mono derived cells	global	2	0.1111111111111111
Pat Mono	Mono+mono derived cells	global	2	0.0
cDC1s	cDC1s	global	2	0.3
cDC2s	cDC2s	global	2	0.0
Mig cDCs	Mig.cDCs	global	2	0.4
Mac1	Macrophages	global	3	0.125
immature LAMs	Macrophages	global	3	0.1
mature LAMs	Macrophages	global	3	0.2222222222222222
Pre-moKCs and moKCs	Macrophages	global	3	0.25
ResKCs	Macrophages	global	3	0.2
Mono	Mono+mono derived cells	global	3	0.1111111111111111
Pat Mono	Mono+mono derived cells	global	3	0.0
cDC1s	cDC1s	global	3	0.3
cDC2s	cDC2s	global	3	0.0
Mig cDCs	Mig.cDCs	global	3	0.5
Mac1	Macrophages	global	4	0.125
immature LAMs	Macrophages	global	4	0.1
mature LAMs	Macrophages	global	4	0.2222222222222222
Pre-moKCs and moKCs	Macrophages	global	4	0.25
ResKCs	Macrophages	global	4	0.2
Mono	Mono+mono derived cells	global	4	0.1111111111111111
Pat Mono	Mono+mono derived cells	global	4	0.0
cDC1s	cDC1s	global	4	0.3
cDC2s	cDC2s	global	4	0.0
Mig cDCs	Mig.cDCs	global	4	0.5
Mac1	Macrophages	global	5	0.25
immature LAMs	Macrophages	global	5	0.1
mature LAMs	Macrophages	global	5	0.2222222222222222
Pre-moKCs and moKCs	Macrophages	global	5	0.375
ResKCs	Macrophages	global	5	0.2
Mono	Mono+mono derived cells	global	5	0.1111111111111111
Pat Mono	Mono+mono derived cells	global	5	0.0
cDC1s	cDC1s	global	5	0.3
cDC2s	cDC2s	global	5	0.0
Mig cDCs	Mig.cDCs	global	5	0.5
Mac1	Macrophages	global	6	0.25
immature LAMs	Macrophages	global	6	0.1
mature LAMs	Macrophages	global	6	0.2222222222222222
Pre-moKCs and moKCs	Macrophages	global	6	0.375
ResKCs	Macrophages	global	6	0.2
Mono	Mono+mono derived cells	global	6	0.1111111111111111
Pat Mono	Mono+mono derived cells	global	6	0.0
cDC1s	cDC1s	global	6	0.3
cDC2s	cDC2s	global	6	0.0
Mig cDCs	Mig.cDCs	global	6	0.5
Mac1	Macrophages	global	7	0.125
immature LAMs	Macrophages	global	7	0.1
mature LAMs	Macrophages	global	7	0.2222222222222222
Pre-moKCs and moKCs	Macrophages	global	7	0.25
ResKCs	Macrophages	global	7	0.2
Mono	Mono+mono derived cells	global	7	0.1111111111111111
Pat Mono	Mono+mono derived cells	global	7	0.0
cDC1s	cDC1s	global	7	0.3
cDC2s	cDC2s	global	7	0.0
Mig cDCs	Mig.cDCs	global	7	0.4
Mac1	Macrophages	global	8	0.25
immature LAMs	Macrophages	global	8	0.1
mature LAMs	Macrophages	global	8	0.2222222222222222
Pre-moKCs and moKCs	Macrophages	global	8	0.375
ResKCs	Macrophages	global	8	0.2
Mono	Mono+mono derived cells	global	8	0.1111111111111111
Pat Mono	Mono+mono derived cells	global	8	0.0
cDC1s	cDC1s	global	8	0.3
cDC2s	cDC2s	global	8	0.0
Mig cDCs	Mig.cDCs	global	8	0.5
Mac1	Macrophages	global	9	0.25
immature LAMs	Macrophages	global	9	0.1
mature LAMs	Macrophages	global	9	0.2222222222222222
Pre-moKCs and moKCs	Macrophages	global	9	0.375
ResKCs	Macrophages	global	9	0.2
Mono	Mono+mono derived cells	global	9	0.1111111111111111
Pat Mono	Mono+mono derived cells	global	9	0.0
cDC1s	cDC1s	global	9	0.3
cDC2s	cDC2s	global	9	0.0
Mig cDCs	Mig.cDCs	global	9	0.5
Mac1	Macrophages	global	10	0.125
immature LAMs	Macrophages	global	10	0.1
mature LAMs	Macrophages	global	10	0.2222222222222222
Pre-moKCs and moKCs	Macrophages	global	10	0.25
ResKCs	Macrophages	global	10	0.2
Mono	Mono+mono derived cells	global	10	0.1111111111111111
Pat Mono	Mono+mono derived cells	global	10	0.0
cDC1s	cDC1s	global	10	0.3
cDC2s	cDC2s	global	10	0.0
Mig cDCs	Mig.cDCs	global	10	0.5
Mac1	Macrophages	global	11	0.25
immature LAMs	Macrophages	global	11	0.1
mature LAMs	Macrophages	global	11	0.2222222222222222
Pre-moKCs and moKCs	Macrophages	global	11	0.375
ResKCs	Macrophages	global	11	0.2
Mono	Mono+mono derived cells	global	11	0.1111111111111111
Pat Mono	Mono+mono derived cells	global	11	0.0
cDC1s	cDC1s	global	11	0.3
cDC2s	cDC2s	global	11	0.0
Mig cDCs	Mig.cDCs	global	11	0.5
Mac1	Macrophages	global	12	0.25
immature LAMs	Macrophages	global	12	0.1
mature LAMs	Macrophages	global	12	0.2222222222222222
Pre-moKCs and moKCs	Macrophages	global	12	0.375
ResKCs	Macrophages	global	12	0.2
Mono	Mono+mono derived cells	global	12	0.1111111111111111
Pat Mono	Mono+mono derived cells	global	12	0.0
cDC1s	cDC1s	global	12	0.3
cDC2s	cDC2s	global	12	0.0
Mig cDCs	Mig.cDCs	global	12	0.5
Mac1	Macrophages	global	13	0.25
immature LAMs	Macrophages	global	13	0.1
mature LAMs	Macrophages	global	13	0.2222222222222222
Pre-moKCs and moKCs	Macrophages	global	13	0.375
ResKCs	Macrophages	global	13	0.2
Mono	Mono+mono derived cells	global	13	0.1111111111111111
Pat Mono	Mono+mono derived cells	global	13	0.0
cDC1s	cDC1s	global	13	0.3
cDC2s	cDC2s	global	13	0.0
Mig cDCs	Mig.cDCs	global	13	0.4
Mac1	Macrophages	global	14	0.25
immature LAMs	Macrophages	global	14	0.1
mature LAMs	Macrophages	global	14	0.2222222222222222
Pre-moKCs and moKCs	Macrophages	global	14	0.375
ResKCs	Macrophages	global	14	0.2
Mono	Mono+mono derived cells	global	14	0.1111111111111111
Pat Mono	Mono+mono derived cells	global	14	0.0
cDC1s	cDC1s	global	14	0.3
cDC2s	cDC2s	global	14	0.0
Mig cDCs	Mig.cDCs	global	14	0.5
Mac1	Macrophages	global	15	0.125
immature LAMs	Macrophages	global	15	0.1
mature LAMs	Macrophages	global	15	0.2222222222222222
Pre-moKCs and moKCs	Macrophages	global	15	0.25
ResKCs	Macrophages	global	15	0.2
Mono	Mono+mono derived cells	global	15	0.1111111111111111
Pat Mono	Mono+mono derived cells	global	15	0.0
cDC1s	cDC1s	global	15	0.3
cDC2s	cDC2s	global	15	0.0
Mig cDCs	Mig.cDCs	global	15	0.5
Mac1	Macrophages	global	16	0.25
immature LAMs	Macrophages	global	16	0.1
mature LAMs	Macrophages	global	16	0.2222222222222222
Pre-moKCs and moKCs	Macrophages	global	16	0.375
ResKCs	Macrophages	global	16	0.2
Mono	Mono+mono derived cells	global	16	0.1111111111111111
Pat Mono	Mono+mono derived cells	global	16	0.0
cDC1s	cDC1s	global	16	0.3
cDC2s	cDC2s	global	16	0.0
Mig cDCs	Mig.cDCs	global	16	0.5
Mac1	Macrophages	global	17	0.25
immature LAMs	Macrophages	global	17	0.1
mature LAMs	Macrophages	global	17	0.2222222222222222
Pre-moKCs and moKCs	Macrophages	global	17	0.375
ResKCs	Macrophages	global	17	0.2
Mono	Mono+mono derived cells	global	17	0.1111111111111111
Pat Mono	Mono+mono derived cells	global	17	0.0
cDC1s	cDC1s	global	17	0.3
cDC2s	cDC2s	global	17	0.0
Mig cDCs	Mig.cDCs	global	17	0.5
Mac1	Macrophages	global	18	0.25
immature LAMs	Macrophages	global	18	0.1
mature LAMs	Macrophages	global	18	0.2222222222222222
Pre-moKCs and moKCs	Macrophages	global	18	0.375
ResKCs	Macrophages	global	18	0.2
Mono	Mono+mono derived cells	global	18	0.1111111111111111
Pat Mono	Mono+mono derived cells	global	18	0.0
cDC1s	cDC1s	global	18	0.3
cDC2s	cDC2s	global	18	0.0
Mig cDCs	Mig.cDCs	global	18	0.4
Mac1	Macrophages	global	19	0.25
immature LAMs	Macrophages	global	19	0.1
mature LAMs	Macrophages	global	19	0.2222222222222222
Pre-moKCs and moKCs	Macrophages	global	19	0.375
ResKCs	Macrophages	global	19	0.2
Mono	Mono+mono derived cells	global	19	0.1111111111111111
Pat Mono	Mono+mono derived cells	global	19	0.0
cDC1s	cDC1s	global	19	0.3
cDC2s	cDC2s	global	19	0.0
Mig cDCs	Mig.cDCs	global	19	0.5
Mac1	Macrophages	global	20	0.25
immature LAMs	Macrophages	global	20	0.1
mature LAMs	Macrophages	global	20	0.2222222222222222
Pre-moKCs and moKCs	Macrophages	global	20	0.375
ResKCs	Macrophages	global	20	0.2
Mono	Mono+mono derived cells	global	20	0.1111111111111111
Pat Mono	Mono+mono derived cells	global	20	0.0
cDC1s	cDC1s	global	20	0.3
cDC2s	cDC2s	global	20	0.0
Mig cDCs	Mig.cDCs	global	20	0.4
Mac1	Macrophages	global	21	0.125
immature LAMs	Macrophages	global	21	0.1
mature LAMs	Macrophages	global	21	0.2222222222222222
Pre-moKCs and moKCs	Macrophages	global	21	0.25
ResKCs	Macrophages	global	21	0.2
Mono	Mono+mono derived cells	global	21	0.1111111111111111
Pat Mono	Mono+mono derived cells	global	21	0.0
cDC1s	cDC1s	global	21	0.3
cDC2s	cDC2s	global	21	0.0
Mig cDCs	Mig.cDCs	global	21	0.4
Mac1	Macrophages	global	22	0.25
immature LAMs	Macrophages	global	22	0.1
mature LAMs	Macrophages	global	22	0.2222222222222222
Pre-moKCs and moKCs	Macrophages	global	22	0.375
ResKCs	Macrophages	global	22	0.2
Mono	Mono+mono derived cells	global	22	0.1111111111111111
Pat Mono	Mono+mono derived cells	global	22	0.0
cDC1s	cDC1s	global	22	0.3
cDC2s	cDC2s	global	22	0.0
Mig cDCs	Mig.cDCs	global	22	0.4
Mac1	Macrophages	global	23	0.25
immature LAMs	Macrophages	global	23	0.1
mature LAMs	Macrophages	global	23	0.2222222222222222
Pre-moKCs and moKCs	Macrophages	global	23	0.375
ResKCs	Macrophages	global	23	0.2
Mono	Mono+mono derived cells	global	23	0.1111111111111111
Pat Mono	Mono+mono derived cells	global	23	0.0
cDC1s	cDC1s	global	23	0.3
cDC2s	cDC2s	global	23	0.0
Mig cDCs	Mig.cDCs	global	23	0.5
Mac1	Macrophages	global	24	0.125
immature LAMs	Macrophages	global	24	0.1
mature LAMs	Macrophages	global	24	0.2222222222222222
Pre-moKCs and moKCs	Macrophages	global	24	0.25
ResKCs	Macrophages	global	24	0.2
Mono	Mono+mono derived cells	global	24	0.1111111111111111
Pat Mono	Mono+mono derived cells	global	24	0.0
cDC1s	cDC1s	global	24	0.3
cDC2s	cDC2s	global	24	0.0
Mig cDCs	Mig.cDCs	global	24	0.5
Mac1	Macrophages	global	25	0.25
immature LAMs	Macrophages	global	25	0.1
mature LAMs	Macrophages	global	25	0.2222222222222222
Pre-moKCs and moKCs	Macrophages	global	25	0.375
ResKCs	Macrophages	global	25	0.2
Mono	Mono+mono derived cells	global	25	0.1111111111111111
Pat Mono	Mono+mono derived cells	global	25	0.0
cDC1s	cDC1s	global	25	0.3
cDC2s	cDC2s	global	25	0.0
Mig cDCs	Mig.cDCs	global	25	0.5
Mac1	Macrophages	global	26	0.125
immature LAMs	Macrophages	global	26	0.1
mature LAMs	Macrophages	global	26	0.2222222222222222
Pre-moKCs and moKCs	Macrophages	global	26	0.25
ResKCs	Macrophages	global	26	0.2
Mono	Mono+mono derived cells	global	26	0.1111111111111111
Pat Mono	Mono+mono derived cells	global	26	0.0
cDC1s	cDC1s	global	26	0.3
cDC2s	cDC2s	global	26	0.0
Mig cDCs	Mig.cDCs	global	26	0.4
Mac1	Macrophages	global	27	0.25
immature LAMs	Macrophages	global	27	0.1
mature LAMs	Macrophages	global	27	0.2222222222222222
Pre-moKCs and moKCs	Macrophages	global	27	0.375
ResKCs	Macrophages	global	27	0.2
Mono	Mono+mono derived cells	global	27	0.1111111111111111
Pat Mono	Mono+mono derived cells	global	27	0.0
cDC1s	cDC1s	global	27	0.3
cDC2s	cDC2s	global	27	0.0
Mig cDCs	Mig.cDCs	global	27	0.5
Mac1	Macrophages	global	28	0.125
immature LAMs	Macrophages	global	28	0.1
mature LAMs	Macrophages	global	28	0.2222222222222222
Pre-moKCs and moKCs	Macrophages	global	28	0.25
ResKCs	Macrophages	global	28	0.2
Mono	Mono+mono derived cells	global	28	0.1111111111111111
Pat Mono	Mono+mono derived cells	global	28	0.0
cDC1s	cDC1s	global	28	0.3
cDC2s	cDC2s	global	28	0.0
Mig cDCs	Mig.cDCs	global	28	0.5
Mac1	Macrophages	global	29	0.25
immature LAMs	Macrophages	global	29	0.1
mature LAMs	Macrophages	global	29	0.2222222222222222
Pre-moKCs and moKCs	Macrophages	global	29	0.375
ResKCs	Macrophages	global	29	0.2
Mono	Mono+mono derived cells	global	29	0.1111111111111111
Pat Mono	Mono+mono derived cells	global	29	0.0
cDC1s	cDC1s	global	29	0.3
cDC2s	cDC2s	global	29	0.0
Mig cDCs	Mig.cDCs	global	29	0.4
Mac1	Macrophages	global	30	0.125
immature LAMs	Macrophages	global	30	0.1
mature LAMs	Macrophages	global	30	0.2222222222222222
Pre-moKCs and moKCs	Macrophages	global	30	0.25
ResKCs	Macrophages	global	30	0.2
Mono	Mono+mono derived cells	global	30	0.1111111111111111
Pat Mono	Mono+mono derived cells	global	30	0.0
cDC1s	cDC1s	global	30	0.3
cDC2s	cDC2s	global	30	0.0
Mig cDCs	Mig.cDCs	global	30	0.5
Mac1	Macrophages	global	31	0.25
immature LAMs	Macrophages	global	31	0.1
mature LAMs	Macrophages	global	31	0.2222222222222222
Pre-moKCs and moKCs	Macrophages	global	31	0.375
ResKCs	Macrophages	global	31	0.2
Mono	Mono+mono derived cells	global	31	0.1111111111111111
Pat Mono	Mono+mono derived cells	global	31	0.0
cDC1s	cDC1s	global	31	0.3
cDC2s	cDC2s	global	31	0.0
Mig cDCs	Mig.cDCs	global	31	0.5
Mac1	Macrophages	global	32	0.25
immature LAMs	Macrophages	global	32	0.1
mature LAMs	Macrophages	global	32	0.2222222222222222
Pre-moKCs and moKCs	Macrophages	global	32	0.375
ResKCs	Macrophages	global	32	0.2
Mono	Mono+mono derived cells	global	32	0.1111111111111111
Pat Mono	Mono+mono derived cells	global	32	0.0
cDC1s	cDC1s	global	32	0.3
cDC2s	cDC2s	global	32	0.0
Mig cDCs	Mig.cDCs	global	32	0.5
Mac1	Macrophages	global	33	0.125
immature LAMs	Macrophages	global	33	0.1
mature LAMs	Macrophages	global	33	0.2222222222222222
Pre-moKCs and moKCs	Macrophages	global	33	0.25
ResKCs	Macrophages	global	33	0.2
Mono	Mono+mono derived cells	global	33	0.1111111111111111
Pat Mono	Mono+mono derived cells	global	33	0.0
cDC1s	cDC1s	global	33	0.3
cDC2s	cDC2s	global	33	0.0
Mig cDCs	Mig.cDCs	global	33	0.5
Mac1	Macrophages	global	34	0.125
immature LAMs	Macrophages	global	34	0.1
mature LAMs	Macrophages	global	34	0.2222222222222222
Pre-moKCs and moKCs	Macrophages	global	34	0.25
ResKCs	Macrophages	global	34	0.2
Mono	Mono+mono derived cells	global	34	0.1111111111111111
Pat Mono	Mono+mono derived cells	global	34	0.0
cDC1s	cDC1s	global	34	0.3
cDC2s	cDC2s	global	34	0.0
Mig cDCs	Mig.cDCs	global	34	0.4
Mac1	Macrophages	global	35	0.25
immature LAMs	Macrophages	global	35	0.1
mature LAMs	Macrophages	global	35	0.2222222222222222
Pre-moKCs and moKCs	Macrophages	global	35	0.375
ResKCs	Macrophages	global	35	0.2
Mono	Mono+mono derived cells	global	35	0.1111111111111111
Pat Mono	Mono+mono derived cells	global	35	0.0
cDC1s	cDC1s	global	35	0.3
cDC2s	cDC2s	global	35	0.0
Mig cDCs	Mig.cDCs	global	35	0.5
Mac1	Macrophages	global	36	0.25
immature LAMs	Macrophages	global	36	0.1
mature LAMs	Macrophages	global	36	0.2222222222222222
Pre-moKCs and moKCs	Macrophages	global	36	0.375
ResKCs	Macrophages	global	36	0.2
Mono	Mono+mono derived cells	global	36	0.1111111111111111
Pat Mono	Mono+mono derived cells	global	36	0.0
cDC1s	cDC1s	global	36	0.3
cDC2s	cDC2s	global	36	0.0
Mig cDCs	Mig.cDCs	global	36	0.5
Mac1	Macrophages	global	37	0.125
immature LAMs	Macrophages	global	37	0.1
mature LAMs	Macrophages	global	37	0.2222222222222222
Pre-moKCs and moKCs	Macrophages	global	37	0.25
ResKCs	Macrophages	global	37	0.2
Mono	Mono+mono derived cells	global	37	0.1111111111111111
Pat Mono	Mono+mono derived cells	global	37	0.0
cDC1s	cDC1s	global	37	0.3
cDC2s	cDC2s	global	37	0.0
Mig cDCs	Mig.cDCs	global	37	0.4
Mac1	Macrophages	global	38	0.25
immature LAMs	Macrophages	global	38	0.1
mature LAMs	Macrophages	global	38	0.2222222222222222
Pre-moKCs and moKCs	Macrophages	global	38	0.375
ResKCs	Macrophages	global	38	0.2
Mono	Mono+mono derived cells	global	38	0.1111111111111111
Pat Mono	Mono+mono derived cells	global	38	0.0
cDC1s	cDC1s	global	38	0.3
cDC2s	cDC2s	global	38	0.0
Mig cDCs	Mig.cDCs	global	38	0.5
Mac1	Macrophages	global	39	0.125
immature LAMs	Macrophages	global	39	0.1
mature LAMs	Macrophages	global	39	0.2222222222222222
Pre-moKCs and moKCs	Macrophages	global	39	0.25
ResKCs	Macrophages	global	39	0.2
Mono	Mono+mono derived cells	global	39	0.1111111111111111
Pat Mono	Mono+mono derived cells	global	39	0.0
cDC1s	cDC1s	global	39	0.3
cDC2s	cDC2s	global	39	0.0
Mig cDCs	Mig.cDCs	global	39	0.5
Mac1	Macrophages	global	40	0.125
immature LAMs	Macrophages	global	40	0.1
mature LAMs	Macrophages	global	40	0.2222222222222222
Pre-moKCs and moKCs	Macrophages	global	40	0.25
ResKCs	Macrophages	global	40	0.2
Mono	Mono+mono derived cells	global	40	0.1111111111111111
Pat Mono	Mono+mono derived cells	global	40	0.0
cDC1s	cDC1s	global	40	0.3
cDC2s	cDC2s	global	40	0.0
Mig cDCs	Mig.cDCs	global	40	0.5
Mac1	Macrophages	global	41	0.25
immature LAMs	Macrophages	global	41	0.1
mature LAMs	Macrophages	global	41	0.2222222222222222
Pre-moKCs and moKCs	Macrophages	global	41	0.375
ResKCs	Macrophages	global	41	0.2
Mono	Mono+mono derived cells	global	41	0.1111111111111111
Pat Mono	Mono+mono derived cells	global	41	0.0
cDC1s	cDC1s	global	41	0.3
cDC2s	cDC2s	global	41	0.0
Mig cDCs	Mig.cDCs	global	41	0.5
Mac1	Macrophages	global	42	0.125
immature LAMs	Macrophages	global	42	0.1
mature LAMs	Macrophages	global	42	0.2222222222222222
Pre-moKCs and moKCs	Macrophages	global	42	0.25
ResKCs	Macrophages	global	42	0.2
Mono	Mono+mono derived cells	global	42	0.1111111111111111
Pat Mono	Mono+mono derived cells	global	42	0.0
cDC1s	cDC1s	global	42	0.3
cDC2s	cDC2s	global	42	0.0
Mig cDCs	Mig.cDCs	global	42	0.5
Mac1	Macrophages	global	43	0.125
immature LAMs	Macrophages	global	43	0.1
mature LAMs	Macrophages	global	43	0.2222222222222222
Pre-moKCs and moKCs	Macrophages	global	43	0.25
ResKCs	Macrophages	global	43	0.2
Mono	Mono+mono derived cells	global	43	0.1111111111111111
Pat Mono	Mono+mono derived cells	global	43	0.0
cDC1s	cDC1s	global	43	0.3
cDC2s	cDC2s	global	43	0.0
Mig cDCs	Mig.cDCs	global	43	0.5
Mac1	Macrophages	global	44	0.125
immature LAMs	Macrophages	global	44	0.1
mature LAMs	Macrophages	global	44	0.2222222222222222
Pre-moKCs and moKCs	Macrophages	global	44	0.25
ResKCs	Macrophages	global	44	0.2
Mono	Mono+mono derived cells	global	44	0.1111111111111111
Pat Mono	Mono+mono derived cells	global	44	0.0
cDC1s	cDC1s	global	44	0.3
cDC2s	cDC2s	global	44	0.0
Mig cDCs	Mig.cDCs	global	44	0.4
Mac1	Macrophages	global	45	0.25
immature LAMs	Macrophages	global	45	0.1
mature LAMs	Macrophages	global	45	0.2222222222222222
Pre-moKCs and moKCs	Macrophages	global	45	0.375
ResKCs	Macrophages	global	45	0.2
Mono	Mono+mono derived cells	global	45	0.1111111111111111
Pat Mono	Mono+mono derived cells	global	45	0.0
cDC1s	cDC1s	global	45	0.3
cDC2s	cDC2s	global	45	0.0
Mig cDCs	Mig.cDCs	global	45	0.5
Mac1	Macrophages	global	46	0.125
immature LAMs	Macrophages	global	46	0.1
mature LAMs	Macrophages	global	46	0.2222222222222222
Pre-moKCs and moKCs	Macrophages	global	46	0.25
ResKCs	Macrophages	global	46	0.2
Mono	Mono+mono derived cells	global	46	0.1111111111111111
Pat Mono	Mono+mono derived cells	global	46	0.0
cDC1s	cDC1s	global	46	0.3
cDC2s	cDC2s	global	46	0.0
Mig cDCs	Mig.cDCs	global	46	0.5
Mac1	Macrophages	global	47	0.25
immature LAMs	Macrophages	global	47	0.1
mature LAMs	Macrophages	global	47	0.2222222222222222
Pre-moKCs and moKCs	Macrophages	global	47	0.375
ResKCs	Macrophages	global	47	0.2
Mono	Mono+mono derived cells	global	47	0.1111111111111111
Pat Mono	Mono+mono derived cells	global	47	0.0
cDC1s	cDC1s	global	47	0.3
cDC2s	cDC2s	global	47	0.0
Mig cDCs	Mig.cDCs	global	47	0.4
Mac1	Macrophages	global	48	0.25
immature LAMs	Macrophages	global	48	0.1
mature LAMs	Macrophages	global	48	0.2222222222222222
Pre-moKCs and moKCs	Macrophages	global	48	0.375
ResKCs	Macrophages	global	48	0.2
Mono	Mono+mono derived cells	global	48	0.1111111111111111
Pat Mono	Mono+mono derived cells	global	48	0.0
cDC1s	cDC1s	global	48	0.3
cDC2s	cDC2s	global	48	0.0
Mig cDCs	Mig.cDCs	global	48	0.5
Mac1	Macrophages	global	49	0.25
immature LAMs	Macrophages	global	49	0.1
mature LAMs	Macrophages	global	49	0.2222222222222222
Pre-moKCs and moKCs	Macrophages	global	49	0.375
ResKCs	Macrophages	global	49	0.2
Mono	Mono+mono derived cells	global	49	0.1111111111111111
Pat Mono	Mono+mono derived cells	global	49	0.0
cDC1s	cDC1s	global	49	0.3
cDC2s	cDC2s	global	49	0.0
Mig cDCs	Mig.cDCs	global	49	0.5
