normalized_cell_type	display_label	n_profiles	n_papers	mean_silhouette	mean_within_jaccard
ERYTHROCYTE	ERYTHROCYTE	3	3	0.6618357487922705	0.6666666666666666
MACRO CCL	MACRO-CCL	3	3	0.5865952997486051	0.619047619047619
CHONDROCYTE	CHONDROCYTE	3	3	0.37219302436693735	0.42857142857142855
MELANOCYTE	MELANOCYTE	7	7	0.344028015010363	0.3888888888888889
OLIGODENDROCYTES	OLIGODENDROCYTES	4	4	0.33626332446863233	0.5726190476190476
ABERRANT BASALOID CELL	ABERRANT BASALOID CELL	3	3	0.31259059901470554	0.3576097105508871
PROXIMAL TUBULE	PROXIMAL TUBULE	4	4	0.2958289167387945	0.37222222222222223
ILC 3	ILC3	4	4	0.2643023000215984	0.3336339586339586
STEM CELL	STEM CELL	7	7	0.2290300120159378	0.2788593215063803
MONOCYTES	MONOCYTES	3	3	0.22249817195961583	0.39444444444444443
ADIPOCYTE	ADIPOCYTE	5	5	0.20172104128137672	0.21539682539682542
OPC	OPC	5	5	0.19593273234225778	0.23724025974025972
MAST CELL	MAST CELL	15	15	0.1939720807343114	0.246984126984127
PLASMABLAST	PLASMABLAST	4	4	0.18570177261392795	0.3388888888888889
ENTEROCYTE	ENTEROCYTE	6	6	0.17697638907407534	0.21182539682539683
ENTEROENDOCRINE CELL	ENTEROENDOCRINE CELL	7	7	0.1689851541175613	0.24854497354497354
CDC 1	CDC1	11	11	0.16422626120699776	0.2534920634920635
NATURAL KILLER NK CELL	NATURAL KILLER (NK) CELL	4	4	0.1544271020373961	0.3555555555555555
MREGDC	MREGDC	3	3	0.13400417412045315	0.1923076923076923
TE	TE	4	4	0.12142974003475634	0.17389092389092387
OSTEOCLAST	OSTEOCLAST	3	3	0.10851800359510176	0.12962962962962968
MESOTHELIAL CELL	MESOTHELIAL CELL	3	3	0.10174884308707081	0.1777777777777778
ALPHA CELL	ALPHA CELL	6	6	0.10110912794724096	0.1470258166916171
ATRIAL CARDIOMYOCYTE	ATRIAL CARDIOMYOCYTE	3	3	0.09826482249052704	0.14285714285714288
MAC 1	MAC1	3	3	0.09124255033201921	0.2101972101972102
DELTA CELL	DELTA CELL	5	5	0.08889987538382618	0.16854700854700852
NEURONAL CELL	NEURONAL CELL	3	3	0.0857142857142857	0.16666666666666666
CDC 2	CDC2	9	9	0.08491036911892412	0.1384004884004884
LYMPHATIC ENDOTHELIAL CELL	LYMPHATIC ENDOTHELIAL CELL	4	4	0.07047064037376478	0.1333333333333333
ACINAR CELL	ACINAR CELL	7	7	0.06752866928305505	0.09569160997732427
ASTROCYTE	ASTROCYTE	8	8	0.06704662577170499	0.13102215245072385
PODOCYTE	PODOCYTE	7	7	0.0646172623622133	0.13462629533240844
TUFT CELL	TUFT CELL	5	5	0.06255240868367698	0.1203117144293615
BIPOLAR CELL	BIPOLAR CELL	4	4	0.059450483091787396	0.07638888888888888
MEMORY B CELL	MEMORY B CELL	5	5	0.0546303212752358	0.20166666666666666
MULLER GLIA	MÜLLER GLIA	4	4	0.05237658804140234	0.10916791541791543
RPE	RPE	3	3	0.04852243167460558	0.09294871794871791
HSC	HSC	5	5	0.034898269018571106	0.07758180544945249
NEUTROPHIL	NEUTROPHIL	4	4	0.030877050493550332	0.06712962962962962
EXCITATORY NEURON	EXCITATORY NEURON	5	5	0.028185638272298662	0.09151515151515151
GOBLET CELL	GOBLET CELL	8	8	0.025312227019670345	0.1719816889459747
NEPHRON PROGENITOR	NEPHRON PROGENITOR	4	4	0.02373558104573616	0.06845238095238093
EXHAUSTED CD 8 T CELL	EXHAUSTED CD8 T CELL	4	4	0.023615357127953304	0.11210317460317462
MYOFIBROBLAST	MYOFIBROBLAST	8	8	0.02231311168696258	0.13984273968211192
FIB 1	FIB1	3	3	0.017871193241485197	0.06666666666666665
INTERNEURON	INTERNEURON	4	4	0.017362431637671392	0.27678571428571425
ROD	ROD	3	3	0.015426414242848685	0.07196969696969695
HEPATOCYTE	HEPATOCYTE	5	5	0.01180614430842413	0.06777777777777778
BETA CELL	BETA CELL	10	10	0.01066024412013839	0.06687319555514765
NK	NK	3	3	0.008109507983681208	0.26666666666666666
MAC 2	MAC2	5	5	0.007463464641122011	0.11944444444444444
TREG	TREG	15	15	0.005699845051237782	0.2004648898859425
CD 14 MONOCYTE	CD14+ MONOCYTE	3	3	0.0005834633281615297	0.23611111111111108
MYOFIBROBLASTS	MYOFIBROBLASTS	5	5	-0.00032826067937204856	0.1553846153846154
PDCS	PDCS	3	3	-0.006744542106655278	0.21203703703703702
B CELLS	B CELLS	5	5	-0.011715853269285748	0.17761904761904762
AT 2	AT2	10	10	-0.012696061157848836	0.0589337822671156
T CELL	T CELL	38	37	-0.015491758854485782	0.11956701555039506
FB 4	FB4	3	3	-0.018554077267157975	0.08333333333333333
GC B CELL	GC B CELL	4	4	-0.019281937869602386	0.04555860805860804
INHIBITORY NEURON	INHIBITORY NEURON	3	3	-0.01942631630369518	0.25
MESANGIAL CELL	MESANGIAL CELL	4	4	-0.021412355006105045	0.023809523809523798
DUCTAL CELL	DUCTAL CELL	5	5	-0.023606570000386844	0.05277777777777778
PERICYTE	PERICYTE	14	14	-0.026529867687353693	0.1299220620649192
CARDIOMYOCYTE	CARDIOMYOCYTE	9	9	-0.02905249295889321	0.030932766687597604
MICROGLIA	MICROGLIA	18	18	-0.030185624215496712	0.04228405018148907
PLASMA CELL	PLASMA CELL	16	16	-0.034315677865156956	0.10990588115588115
FIBROBLAST	FIBROBLAST	29	29	-0.03578543035469339	0.08446198308919259
EPI 4	EPI-4	3	3	-0.03652392580964007	0.0
IMMUNE	IMMUNE	3	3	-0.03698856705943137	0.06730769230769229
EPIBLAST	EPIBLAST	3	3	-0.03745100877938126	0.20573870573870576
ASTROCYTES	ASTROCYTES	6	6	-0.03837589624968681	0.04057840307840308
SMOOTH MUSCLE CELL	SMOOTH MUSCLE CELL	9	9	-0.03892901203323705	0.13115079365079366
ENDOTHELIAL CELLS	ENDOTHELIAL CELLS	4	4	-0.039129293078937755	0.14999999999999997
EPITHELIAL CELL	EPITHELIAL CELL	7	7	-0.039937363602173113	0.13900226757369613
DISTAL	DISTAL	3	3	-0.042328042328042326	0.0
NEURONS	NEURONS	3	3	-0.04312169312169315	0.0
MESENCHYMAL	MESENCHYMAL	7	7	-0.04628652282347442	0.07346938775510203
TAM	TAM	3	3	-0.04691428041368136	0.03333333333333336
BASAL CELL	BASAL CELL	7	7	-0.04946704823857255	0.164474678760393
FIBROBLASTS	FIBROBLASTS	6	6	-0.05080858616398536	0.06
PERICYTES	PERICYTES	5	5	-0.05189799974155614	0.09595238095238096
MYELOID CELL	MYELOID CELL	10	10	-0.05350104934375385	0.08705467372134038
VASCULAR SMOOTH MUSCLE CELL	VASCULAR SMOOTH MUSCLE CELL	4	4	-0.05351170379056962	0.14940476190476187
ENDOTHELIAL CELL	ENDOTHELIAL CELL	28	28	-0.05445899034725511	0.08631415876427817
FB 1	FB1	6	6	-0.057928628668421626	0.04584126984126985
NEUTROPHILS	NEUTROPHILS	3	3	-0.058262759294751054	0.030303030303030276
CLUSTER 5	CLUSTER 5	9	9	-0.05849541492567498	0.008597883597883597
VEC	VEC	3	3	-0.058793527737106964	0.09696969696969693
PRINCIPAL CELL	PRINCIPAL CELL	3	3	-0.060758377425044086	0.0
GLIAL CELL	GLIAL CELL	4	4	-0.06157666832481733	0.12328042328042327
B CELL	B CELL	30	30	-0.06323899934642806	0.14662106093140576
T H 17	T H 17	3	3	-0.06343187909080593	0.0944444444444444
PT 1	PT-1	3	3	-0.06427540713254998	0.06666666666666665
CONE PHOTORECEPTOR	CONE PHOTORECEPTOR	3	3	-0.06483346976741301	0.11481481481481481
CLUSTER 2	CLUSTER 2	19	19	-0.06595580311786084	0.004262258209626631
CELL	Β CELL	19	8	-0.06693167500314381	0.044502146604275095
IMMUNE CELL	IMMUNE CELL	7	7	-0.06824504539358901	0.00793650793650794
SMC	SMC	5	5	-0.06958918586335211	0.10142207792207794
FB 2	FB2	5	5	-0.06964984299830036	0.01333333333333333
CLUSTER 8	CLUSTER 8	4	4	-0.07013888888888889	0.0
STROMAL	STROMAL	4	4	-0.07072216110499002	0.07685185185185188
LYMPHOCYTE	LYMPHOCYTE	5	5	-0.07122946075663467	0.016666666666666673
AT 1	AT1	3	3	-0.07267288267288267	0.0
EPI	EPI	4	4	-0.07513244654879636	0.1783501390208707
CLUSTER 1	CLUSTER 1	14	14	-0.07516502043480579	0.002106227106227106
PLASMACYTOID DENDRITIC CELL	PLASMACYTOID DENDRITIC CELL	3	3	-0.0761517580960797	0.15873015873015875
BASAL	BASAL	7	7	-0.07808323928191843	0.1380952380952381
ECS	ECS	3	3	-0.07878086419753083	0.0
CLUSTER 11	CLUSTER 11	3	3	-0.07896825396825398	0.0
INFLAMMATORY MACROPHAGE	INFLAMMATORY MACROPHAGE	3	3	-0.08004583651642476	0.06730769230769229
CLUSTER 0	CLUSTER 0	5	5	-0.08021645021645023	0.0
NEUROENDOCRINE	NEUROENDOCRINE	3	3	-0.08201058201058198	0.0
HSPC	HSPC	4	4	-0.08403785907075381	0.0
CD 8 GZMK	CD8+GZMK	3	3	-0.08467268388837013	0.11574074074074077
CONE	CONE	3	3	-0.08491963150367286	0.09511784511784512
BASAL 1	BASAL1	3	3	-0.08508967223252933	0.11111111111111112
CANCER CELL	CANCER CELL	3	3	-0.08512939431500038	0.019607843137254905
GOBLET	GOBLET	4	4	-0.08533243385495223	0.07242063492063493
T REG	T REG	3	3	-0.08533630857160272	0.0
DC	DC	5	5	-0.08595120928454258	0.01428571428571428
CLUSTER 7	CLUSTER 7	5	5	-0.08663359067747448	0.02777777777777779
PROGENITOR	PROGENITOR	3	3	-0.08756613756613756	0.0
FB 3	FB3	4	4	-0.08809259081788151	0.022222222222222216
SMCS	SMCS	4	4	-0.09323369794567948	0.09027777777777779
NAIVE T CELL	NAÏVE T CELL	3	3	-0.09427474923198857	0.2400793650793651
CLUSTER 3	CLUSTER 3	12	12	-0.0951080956796267	0.003911926280347334
NK CELL	NK CELL	16	16	-0.09540504212278741	0.06973577549041945
CD 4 TREG	CD4+ TREG	3	3	-0.09669296951491281	0.08888888888888895
DENDRITIC CELL	DENDRITIC CELL	7	7	-0.09864546828832542	0.0
EEC	EEC	3	3	-0.1017957773220931	0.0
CD 8 T CELL	CD8+ T CELL	15	15	-0.10260277289863619	0.046700051018578485
PE	PE	3	3	-0.10287578382816476	0.0
ENDOTHELIAL	ENDOTHELIAL	5	5	-0.10347441124140155	0.09333333333333334
EC	EC	7	7	-0.1054010748689812	0.060167827814886644
STROMAL CELL	STROMAL CELL	3	3	-0.10800024050024053	0.0
CD 4 T CELL	CD4+ T CELL	17	17	-0.11064187659004554	0.04228032506300957
T CELLS	T CELLS	5	5	-0.11071907943646109	0.05
CLUSTER 4	CLUSTER 4	11	11	-0.11102871202459497	0.0013986013986013977
TC	TC	4	4	-0.11126698056845116	0.0
EPITHELIAL	EPITHELIAL	4	4	-0.11195399212316509	0.047619047619047596
MACROPHAGE	MACROPHAGE	29	29	-0.11376736967343411	0.06034770873223497
TUMOR CELL	TUMOR CELL	3	3	-0.1172069332783618	0.0
DC 3	DC3	3	3	-0.12042236838333033	0.10740740740740744
C 2	C2	4	4	-0.12103174603174602	0.0
TH 17	TH17	3	3	-0.12107044470680832	0.05555555555555558
CANCER ASSOCIATED FIBROBLAST	CANCER-ASSOCIATED FIBROBLAST	4	4	-0.12299134892884891	0.0
MACROPHAGES	MACROPHAGES	6	6	-0.1299393988369527	0.04210437710437711
M 1	M1	3	3	-0.13639584330055618	0.015151515151515138
CYTOTOXIC	CYTOTOXIC	3	3	-0.14113868769479607	0.15178571428571427
TCM	TCM	3	3	-0.14332561728395063	0.2063492063492063
PC	PC	5	5	-0.1443389603849115	0.0375
C 3	C3	4	4	-0.1502431250610292	0.0
MAIT	MAIT	3	3	-0.15641269625134008	0.023809523809523798
MONOCYTE	MONOCYTE	24	24	-0.16146213724776146	0.06106945590641243
CLUSTER 6	CLUSTER 6	3	3	-0.16671877505210841	0.0
C 5	C5	3	3	-0.17592592592592593	0.0
NK CELLS	NK CELLS	5	5	-0.17929885434973086	0.07916666666666668
C 1	C1	6	6	-0.1831108706108706	0.0
C 4	C4	3	3	-0.1869488536155203	0.0
OLIGODENDROCYTE	OLIGODENDROCYTE	7	7	-0.19345035532702748	0.21840513983371126
C 6	C6	4	4	-0.21124999999999997	0.0
