normalized_cell_type	marker_scope	marker_scope_label	n_profiles	n_papers	example_reported_labels	median_n_markers	median_observed_union_recall	median_expected_union_recall	median_union_recall_lift	pct_union_lift_gt_1	median_observed_mean_profile_recall	median_expected_mean_profile_recall	median_mean_profile_recall_lift
T CELL	all_reported_markers	All reported markers	38	37	T CELL; T-CELL; ΑΒ T CELL; ΓΔ T CELL	3.0	0.9285714285714286	0.26147648440910015	3.5354778374918485	0.9736842105263158	0.18036786786786785	0.00853797957523929	24.875814446414058
B CELL	all_reported_markers	All reported markers	30	30	B CELL; B-CELL	3.5	0.7083333333333333	0.13680849071232903	5.440060050075247	0.9655172413793104	0.2137931034482759	0.005191075451833917	45.221300742034046
FIBROBLAST	all_reported_markers	All reported markers	29	29	FIBROBLAST	4.0	0.7	0.18020344625910675	2.9814573955809127	0.896551724137931	0.1285714285714286	0.007623318385650224	15.577639751552795
MACROPHAGE	all_reported_markers	All reported markers	29	29	MACROPHAGE	3.0	0.6666666666666666	0.21618851425886887	2.819181635390021	0.8928571428571429	0.10714285714285714	0.009159697331740343	11.089069422276584
ENDOTHELIAL CELL	all_reported_markers	All reported markers	28	28	ENDOTHELIAL CELL	3.0	0.6666666666666666	0.13385208897900946	3.9936962023814857	0.9285714285714286	0.16049382716049382	0.005543111677694087	25.983860731144784
MONOCYTE	all_reported_markers	All reported markers	24	24	MONOCYTE	3.5	0.3333333333333333	0.17602401069445706	2.4493701750657646	0.7083333333333334	0.09565217391304348	0.008953630864258842	9.865098868785068
CELL	all_reported_markers	All reported markers	19	8	Α CELL; Α-CELL; Β CELL; Β-CELL; Γ-CELL; Δ-CELL; Ε-CELL	8.0	0.5	0.031439114374574605	14.425047438204565	1.0	0.08823529411764706	0.0021463891756778783	38.96610169491525
CLUSTER 2	all_reported_markers	All reported markers	19	19	CLUSTER 2; CLUSTER-2	5.0	0.07692307692307693	0.09122964300425988	0.6968029692443616	0.42105263157894735	0.004273504273504274	0.005626929588686386	0.6473093302361594
MICROGLIA	all_reported_markers	All reported markers	18	18	MICROGLIA	6.5	0.6274509803921569	0.06560413310679589	9.31226816033475	0.9444444444444444	0.0857843137254902	0.004087610201160318	24.628676470588232
CD 4 T CELL	all_reported_markers	All reported markers	17	17	CD4 + T CELL; CD4 T CELL; CD4+ T CELL; CD4+T CELL	5.0	0.5454545454545454	0.12090690560668696	4.430799738246358	0.8235294117647058	0.0625	0.008363201911589008	11.553867403314916
PLASMA CELL	all_reported_markers	All reported markers	16	16	PLASMA CELL	3.0	1.0	0.04697865006668178	12.981135986058625	0.9375	0.21587301587301588	0.0032237965017693337	55.56883589998345
NK CELL	all_reported_markers	All reported markers	16	16	NK CELL	4.0	0.6333333333333333	0.13098883378651183	4.215799137865507	0.875	0.14	0.009504028996808155	13.405708796486895
MAST CELL	all_reported_markers	All reported markers	15	15	MAST CELL	3.0	1.0	0.0397648754324329	21.611524552857514	0.9333333333333333	0.40476190476190477	0.0029020314219953968	84.0252100840336
TREG	all_reported_markers	All reported markers	15	15	TREG	4.0	0.75	0.11210524123833154	6.690142153171306	1.0	0.3979591836734694	0.008607784431137726	46.39389736477115
CD 8 T CELL	all_reported_markers	All reported markers	15	15	CD8 + T CELL; CD8 T CELL; CD8+ T CELL; CD8+ T-CELL	5.0	0.5	0.11713843206061614	4.330699743299614	0.8	0.08928571428571429	0.009073686309701864	9.715447154471544
PERICYTE	all_reported_markers	All reported markers	14	14	PERICYTE	3.0	0.8333333333333333	0.07126610934909142	8.590594522060892	1.0	0.21794871794871795	0.005687575926051387	29.685320512820514
CLUSTER 1	all_reported_markers	All reported markers	14	14	CLUSTER 1; CLUSTER-1	3.5	0.0	0.052141597770714684	0.0	0.21428571428571427	0.0	0.004188724735423877	0.0
CLUSTER 3	all_reported_markers	All reported markers	12	12	CLUSTER 3; CLUSTER-3	5.5	0.06458333333333333	0.05403841714854856	1.9359654818614522	0.6666666666666666	0.005871212121212121	0.005195273700326077	1.827507037440812
CDC 1	all_reported_markers	All reported markers	11	11	CDC1	3.0	0.8	0.0372275817161255	23.18976715251534	0.9090909090909091	0.38000000000000006	0.003798100949525237	124.57966101694913
CLUSTER 4	all_reported_markers	All reported markers	11	11	CLUSTER 4; CLUSTER-4	5.0	0.0	0.05388544626238653	0.0	0.18181818181818182	0.0	0.0056512525131771985	0.0
BETA CELL	all_reported_markers	All reported markers	10	10	BETA CELL	9.5	0.5034722222222222	0.018030798541852845	30.43526071019315	0.9	0.1597222222222222	0.002027653265768303	72.76940836940837
AT 2	all_reported_markers	All reported markers	10	10	AT2	4.0	0.5	0.016638493864007432	18.483023961553965	0.8	0.13425925925925927	0.0018659390417277602	58.17065390749602
MYELOID CELL	all_reported_markers	All reported markers	10	10	MYELOID CELL	3.5	0.3333333333333333	0.07866812165604165	5.039955883872195	0.8	0.19444444444444445	0.009159697331740343	18.525077160493826
CDC 2	all_reported_markers	All reported markers	9	9	CDC2	5.0	0.5	0.027349146532394102	24.37614153249804	1.0	0.275	0.0034951068504094265	81.93526785714286
CARDIOMYOCYTE	all_reported_markers	All reported markers	9	9	CARDIOMYOCYTE	6.0	0.3157894736842105	0.010193860360876229	20.10696606269993	0.7777777777777778	0.0625	0.0012886800458895822	39.80952380952381
SMOOTH MUSCLE CELL	all_reported_markers	All reported markers	9	9	SMOOTH MUSCLE CELL	3.0	0.6666666666666666	0.05380154855487862	10.052530683750254	0.8888888888888888	0.20833333333333331	0.006971417189522956	19.857142857142858
CLUSTER 5	all_reported_markers	All reported markers	9	9	CLUSTER 5	4.0	0.0	0.029179395183766887	0.0	0.4444444444444444	0.0	0.0037136867325546575	0.0
GOBLET CELL	all_reported_markers	All reported markers	8	8	GOBLET CELL	4.0	0.6571428571428571	0.021434746653274724	42.025401364808914	0.875	0.2612244897959184	0.003103855897204388	125.65660809778456
ASTROCYTE	all_reported_markers	All reported markers	8	8	ASTROCYTE	5.5	0.5	0.029006029025997672	17.198504219259373	1.0	0.20238095238095238	0.004258461606049652	59.334981684981685
MYOFIBROBLAST	all_reported_markers	All reported markers	8	8	MYOFIBROBLAST	7.5	0.5416666666666666	0.03732547335698494	8.38450923306236	1.0	0.23412698412698413	0.005686316637924214	27.639366158703176
ACINAR CELL	all_reported_markers	All reported markers	7	7	ACINAR CELL	5.0	0.3333333333333333	0.006435675403789221	131.49199269232406	0.8571428571428571	0.1111111111111111	0.0010759115361625824	159.33333333333334
MELANOCYTE	all_reported_markers	All reported markers	7	7	MELANOCYTE	3.0	1.0	0.020028635492474023	49.650473071281276	1.0	0.6666666666666666	0.003368263473053892	196.88235294117644
STEM CELL	all_reported_markers	All reported markers	7	7	STEM CELL	5.0	1.0	0.02328574513782819	39.2031101957018	0.8571428571428571	0.5333333333333333	0.003975397539753975	141.84883720930233
OLIGODENDROCYTE	all_reported_markers	All reported markers	7	7	OLIGODENDROCYTE	4.0	0.6666666666666666	0.013898126511111534	36.293590740961406	1.0	0.38888888888888884	0.0023474178403755873	111.43333333333332
ENTEROENDOCRINE CELL	all_reported_markers	All reported markers	7	7	ENTEROENDOCRINE CELL	3.0	0.6666666666666666	0.018442758423528643	36.147882619129035	1.0	0.38888888888888884	0.003105901212303376	130.0833333333333
PODOCYTE	all_reported_markers	All reported markers	7	7	PODOCYTE	5.0	0.5555555555555556	0.021079451047439114	29.6425385192899	0.7142857142857143	0.2037037037037037	0.003552077062010837	66.9874686716792
BASAL CELL	all_reported_markers	All reported markers	7	7	BASAL CELL	4.0	0.6666666666666666	0.04030663967357562	16.53987214180304	1.0	0.3333333333333333	0.006894484412470024	41.2716049382716
EPITHELIAL CELL	all_reported_markers	All reported markers	7	7	EPITHELIAL CELL	3.0	0.8	0.04925661323378128	14.289490261841475	1.0	0.2222222222222222	0.008393285371702638	23.6228813559322
EC	all_reported_markers	All reported markers	7	7	EC	7.0	0.375	0.03987645199774845	12.662922057618838	0.7142857142857143	0.14583333333333334	0.00689280868385346	18.555555555555554
BASAL	all_reported_markers	All reported markers	7	7	BASAL	3.0	0.3333333333333333	0.041969666210036095	12.645833739309092	0.7142857142857143	0.125	0.00718132854578097	24.65185185185185
MESENCHYMAL	all_reported_markers	All reported markers	7	7	MESENCHYMAL	3.0	0.6666666666666666	0.05403734388160745	12.3371472166969	1.0	0.1111111111111111	0.009267563527653214	11.989247311827956
DENDRITIC CELL	all_reported_markers	All reported markers	7	7	DENDRITIC CELL	3.0	0.0	0.011051543159463995	0.0	0.0	0.0	0.001854621597367634	0.0
IMMUNE CELL	all_reported_markers	All reported markers	7	7	IMMUNE CELL	6.0	0.0	0.027894427202112066	0.0	0.2857142857142857	0.0	0.00477754553598089	0.0
ENTEROCYTE	all_reported_markers	All reported markers	6	6	ENTEROCYTE	3.0	0.6333333333333333	0.0065215942206215995	87.6587947694409	1.0	0.30666666666666664	0.0013103105936970718	210.39829545454543
ALPHA CELL	all_reported_markers	All reported markers	6	6	ALPHA CELL	9.5	0.5130718954248366	0.01408523440492503	47.79552595785175	1.0	0.22287581699346404	0.0028564129161625217	136.18674812030076
ASTROCYTES	all_reported_markers	All reported markers	6	6	ASTROCYTES	5.5	0.29166666666666663	0.014244941693675184	15.68848693939917	0.8333333333333334	0.06666666666666667	0.0028767263752408063	17.294306996541636
FB 1	all_reported_markers	All reported markers	6	6	FB-1; FB1	6.0	0.33035714285714285	0.029234489346189604	10.909672541131835	0.8333333333333334	0.07857142857142857	0.005985036887099294	12.428444104914693
MACROPHAGES	all_reported_markers	All reported markers	6	6	MACROPHAGES	5.0	0.35	0.037510032474543875	6.024344717304184	0.8333333333333334	0.09	0.007662968663466262	9.671905369588691
FIBROBLASTS	all_reported_markers	All reported markers	6	6	FIBROBLASTS	3.5	0.16666666666666666	0.0363622864696594	2.8317979921767664	0.5	0.06666666666666667	0.007447439177844327	5.478688524590165
C 1	all_reported_markers	All reported markers	6	6	C1	4.0	0.0	0.01825092857642435	0.0	0.0	0.0	0.0037130064588212055	0.0
ADIPOCYTE	all_reported_markers	All reported markers	5	5	ADIPOCYTE	4.0	0.6666666666666666	0.004808043015253505	138.6565520632133	1.0	0.41666666666666663	0.0012044564890093346	277.0833333333333
TUFT CELL	all_reported_markers	All reported markers	5	5	TUFT CELL	8.0	0.5	0.006725812818666271	128.11713725269007	1.0	0.21875	0.0016876687668766874	185.38888888888889
EXCITATORY NEURON	all_reported_markers	All reported markers	5	5	EXCITATORY NEURON	5.0	0.2222222222222222	0.0039780670305004096	83.6502825086061	0.8	0.1111111111111111	0.0009971083856815234	166.85
HEPATOCYTE	all_reported_markers	All reported markers	5	5	HEPATOCYTE	4.0	0.42857142857142855	0.006380636901515506	76.35083601113217	0.8	0.14285714285714285	0.0015992003998000998	101.36363636363637
DELTA CELL	all_reported_markers	All reported markers	5	5	DELTA CELL	6.0	0.625	0.0069808252300219	74.92671583280561	1.0	0.3125	0.001756877990430622	167.04999999999995
HSC	all_reported_markers	All reported markers	5	5	HSC	7.0	0.4	0.009531896747135874	44.08630186837903	1.0	0.2	0.002391629297458894	56.74757281553398
MAC 2	all_reported_markers	All reported markers	5	5	MAC 2; MAC2	5.0	0.75	0.023672566429098624	31.960609928504546	0.8	0.1875	0.00601644245142003	31.575471698113212
MEMORY B CELL	all_reported_markers	All reported markers	5	5	MEMORY B CELL	3.0	0.6666666666666666	0.024051302012789228	24.216653699522784	0.8	0.3333333333333333	0.006093297372889821	47.75714285714285
OPC	all_reported_markers	All reported markers	5	5	OPC	5.0	0.5	0.023425964291572177	22.439633493695695	1.0	0.3125	0.005971931919976112	73.1359223300971
B CELLS	all_reported_markers	All reported markers	5	5	B CELLS	3.0	0.5	0.025134616621539874	18.78540211431624	0.8	0.3125	0.006354665071770335	46.33333333333333
MYOFIBROBLASTS	all_reported_markers	All reported markers	5	5	MYOFIBROBLASTS	3.0	0.4	0.03961492535258615	17.992341384765297	1.0	0.16666666666666666	0.01027944111776447	23.23611111111111
SMC	all_reported_markers	All reported markers	5	5	SMC	5.0	0.4	0.015325293450715649	17.051183984545503	1.0	0.25	0.003895714713814804	29.31578947368421
ENDOTHELIAL	all_reported_markers	All reported markers	5	5	ENDOTHELIAL	3.0	0.5	0.02082287351439867	16.008037176177382	0.8	0.16666666666666666	0.005318081477021875	27.875
NK CELLS	all_reported_markers	All reported markers	5	5	NK CELLS	4.0	0.5	0.03888621488981307	14.857308275205666	0.8	0.125	0.009946075494307968	14.592105263157896
PERICYTES	all_reported_markers	All reported markers	5	5	PERICYTES	4.0	0.5	0.025368521271190478	14.279963376609581	1.0	0.1875	0.006506656043554758	17.328125
DUCTAL CELL	all_reported_markers	All reported markers	5	5	DUCTAL CELL	4.0	0.16666666666666666	0.01850163560474183	9.489765785312525	0.8	0.08333333333333333	0.0046780133373146215	17.81382978723404
CLUSTER 7	all_reported_markers	All reported markers	5	5	CLUSTER 7	4.0	0.14285714285714285	0.04917714406402829	4.2536166662009185	0.6	0.03571428571428571	0.012544802867383513	4.1554726368159205
CLUSTER 0	all_reported_markers	All reported markers	5	5	CLUSTER 0	5.0	0.0	0.018342895076134652	0.0	0.0	0.0	0.004628247237981486	0.0
DC	all_reported_markers	All reported markers	5	5	DC	5.0	0.0	0.011405228427957836	0.0	0.4	0.0	0.002869955156950673	0.0
FB 2	all_reported_markers	All reported markers	5	5	FB2	5.0	0.0	0.01653762414024799	0.0	0.4	0.0	0.004182850313713773	0.0
LYMPHOCYTE	all_reported_markers	All reported markers	5	5	LYMPHOCYTE	4.0	0.0	0.016954179416643827	0.0	0.4	0.0	0.0042824419878498155	0.0
PC	all_reported_markers	All reported markers	5	5	PC; PΑC	6.0	0.0	0.014269968978220063	0.0	0.4	0.0	0.003592814371257485	0.0
T CELLS	all_reported_markers	All reported markers	5	5	T CELLS; ΑΒ T CELLS; ΓΔ T CELLS	5.0	0.0	0.029769414524821847	0.0	0.4	0.0	0.007544069315805198	0.0
BIPOLAR CELL	all_reported_markers	All reported markers	4	4	BIPOLAR CELL	4.0	0.41666666666666663	0.0008965927330543688	390.18007872180294	1.0	0.1388888888888889	0.0002990430622009569	389.9666666666667
PROXIMAL TUBULE	all_reported_markers	All reported markers	4	4	PROXIMAL TUBULE	4.0	0.8	0.006938594957794179	108.34581330903521	1.0	0.5888888888888889	0.0023210430161102807	233.88709677419357
OLIGODENDROCYTES	all_reported_markers	All reported markers	4	4	OLIGODENDROCYTES	4.5	1.0	0.012115218816368081	71.68669143165812	1.0	0.7833333333333334	0.0040585394631773445	183.85627118644067
INTERNEURON	all_reported_markers	All reported markers	4	4	INTERNEURON	5.0	0.75	0.010453462942463578	66.63321195084424	1.0	0.4365079365079365	0.0035000898283562764	120.77761457109283
GOBLET	all_reported_markers	All reported markers	4	4	GOBLET	3.5	0.3666666666666667	0.0068605409246989876	59.09795374844383	1.0	0.12222222222222222	0.0022942485919403774	58.926767676767675
EPI	all_reported_markers	All reported markers	4	4	EPI	9.5	0.5833333333333334	0.010279137756508065	52.10761493650763	1.0	0.3869047619047619	0.0034576622148687016	97.19639210347174
MULLER GLIA	all_reported_markers	All reported markers	4	4	MÜLLER GLIA	6.5	0.4875	0.0093648697318847	48.64207502359848	1.0	0.21666666666666667	0.0031390584201088497	64.2088170259812
NEPHRON PROGENITOR	all_reported_markers	All reported markers	4	4	NEPHRON PROGENITOR	3.5	0.3333333333333333	0.007750119319968903	44.651506792338694	1.0	0.1111111111111111	0.002590931738913802	44.53149001536098
TE	all_reported_markers	All reported markers	4	4	TE	7.5	0.5857142857142856	0.011916052972184895	43.7465942147804	1.0	0.31666666666666665	0.003998444988815433	70.65853145824136
NEUTROPHIL	all_reported_markers	All reported markers	4	4	NEUTROPHIL	5.0	0.20833333333333331	0.0048110362803596655	43.508737992994504	0.75	0.1388888888888889	0.001607766025985182	86.7907647907648
GLIAL CELL	all_reported_markers	All reported markers	4	4	GLIAL CELL	3.0	0.38095238095238093	0.011017469695017804	38.20936499371986	0.75	0.20634920634920634	0.00369219723238896	61.60453272217978
PLASMABLAST	all_reported_markers	All reported markers	4	4	PLASMABLAST	4.0	0.75	0.02188717919054911	31.742420110510974	1.0	0.5	0.007368175093784446	64.06674473067916
LYMPHATIC ENDOTHELIAL CELL	all_reported_markers	All reported markers	4	4	LYMPHATIC ENDOTHELIAL CELL	3.0	0.3333333333333333	0.017105040390654063	26.624797339064134	1.0	0.2222222222222222	0.005737822004208644	44.832528180354274
ILC 3	all_reported_markers	All reported markers	4	4	ILC-3; ILC3	5.0	0.6111111111111112	0.024328212151826754	25.839966895256776	1.0	0.5	0.008201272123797633	62.50064278618594
VASCULAR SMOOTH MUSCLE CELL	all_reported_markers	All reported markers	4	4	VASCULAR SMOOTH MUSCLE CELL	3.0	0.6666666666666666	0.025336117530823682	23.73747998107715	1.0	0.3055555555555555	0.00856524180634497	26.258799171842647
NATURAL KILLER NK CELL	all_reported_markers	All reported markers	4	4	NATURAL KILLER (NK) CELL	3.0	0.8333333333333333	0.03723308162938377	21.444336954419136	1.0	0.49999999999999994	0.012596172484936646	37.56634615384615
EXHAUSTED CD 8 T CELL	all_reported_markers	All reported markers	4	4	EXHAUSTED CD8 T CELL; EXHAUSTED CD8+ T CELL	5.5	0.4318181818181818	0.02624449295232665	20.418425198647714	1.0	0.22979797979797978	0.008851440940741293	32.036745964316054
ENDOTHELIAL CELLS	all_reported_markers	All reported markers	4	4	ENDOTHELIAL CELLS	3.0	0.5	0.027207725479615065	17.61636399145515	0.75	0.2777777777777778	0.009173278662081459	29.01388888888889
GC B CELL	all_reported_markers	All reported markers	4	4	GC B CELL	6.0	0.15000000000000002	0.008896880582361336	15.741611681525406	0.75	0.1	0.002979765600395915	31.303716608594655
SMCS	all_reported_markers	All reported markers	4	4	SMCS	4.0	0.3333333333333333	0.029189885911517888	10.67989660356399	0.75	0.19444444444444442	0.009922671207900545	18.136929824561406
EPITHELIAL	all_reported_markers	All reported markers	4	4	EPITHELIAL	3.5	0.16666666666666666	0.016358242513216707	7.6286908223154075	0.5	0.05555555555555555	0.005500420559075128	7.564625850340136
STROMAL	all_reported_markers	All reported markers	4	4	STROMAL	4.5	0.29166666666666663	0.032567932650207077	7.532733649614999	1.0	0.15	0.011006545280412323	13.667859250053352
MESANGIAL CELL	all_reported_markers	All reported markers	4	4	MESANGIAL CELL	5.5	0.07692307692307693	0.011931125414845391	6.721574467440432	0.5	0.025641025641025644	0.004013452227105755	6.674650698602795
FB 3	all_reported_markers	All reported markers	4	4	FB-3; FB3	4.5	0.07142857142857142	0.02034915488137689	3.1128297331419508	0.5	0.023809523809523808	0.0068667095485851455	3.069060773480663
C 2	all_reported_markers	All reported markers	4	4	C2	3.5	0.0	0.0025812922876271107	0.0	0.0	0.0	0.0008616095452363747	0.0
C 3	all_reported_markers	All reported markers	4	4	C3	4.5	0.0	0.003019608731763668	0.0	0.0	0.0	0.0010079784172894034	0.0
C 6	all_reported_markers	All reported markers	4	4	C6	3.0	0.0	0.013811456733578706	0.0	0.0	0.0	0.004640693644634329	0.0
CANCER ASSOCIATED FIBROBLAST	all_reported_markers	All reported markers	4	4	CANCER-ASSOCIATED FIBROBLAST	3.5	0.0	0.021407473791776453	0.0	0.0	0.0	0.007219471910247204	0.0
CLUSTER 8	all_reported_markers	All reported markers	4	4	CLUSTER 8	6.0	0.0	0.01709336346622945	0.0	0.0	0.0	0.005763691416853077	0.0
HSPC	all_reported_markers	All reported markers	4	4	HSPC	4.0	0.0	0.01083744290245182	0.0	0.0	0.0	0.003638154001399424	0.0
TC	all_reported_markers	All reported markers	4	4	TC	10.0	0.0	0.01674075487753614	0.0	0.0	0.0	0.005648460774577954	0.0
CHONDROCYTE	all_reported_markers	All reported markers	3	3	CHONDROCYTE	5.0	1.0	0.0021547556037037952	464.0897549035754	1.0	0.6	0.001078167115902965	556.4999999999999
ROD	all_reported_markers	All reported markers	3	3	ROD	5.0	0.25	0.0010758217245484536	333.9900242652777	1.0	0.125	0.0005382775119617225	333.9
CONE	all_reported_markers	All reported markers	3	3	CONE	6.0	0.3333333333333333	0.002091781180604879	239.03073831815203	1.0	0.25	0.0010466507177033493	358.2857142857143
OSTEOCLAST	all_reported_markers	All reported markers	3	3	OSTEOCLAST	4.0	0.25	0.002684204186575695	216.89505011504534	1.0	0.125	0.0013436846819946252	216.5869565217391
NEURONAL CELL	all_reported_markers	All reported markers	3	3	NEURONAL CELL	3.0	0.6666666666666666	0.003203979874498238	208.07454877383412	0.6666666666666666	0.3333333333333333	0.0016040100250626565	207.8125
ERYTHROCYTE	all_reported_markers	All reported markers	3	3	ERYTHROCYTE	3.0	1.0	0.004983476161449563	200.06314612011866	1.0	0.8333333333333333	0.00249500998003992	333.69999999999993
ATRIAL CARDIOMYOCYTE	all_reported_markers	All reported markers	3	3	ATRIAL CARDIOMYOCYTE	3.0	0.42857142857142855	0.0023902238060353426	179.30179905717648	0.6666666666666666	0.21428571428571427	0.0011961722488038277	179.14285714285714
PDCS	all_reported_markers	All reported markers	3	3	PDCS	4.0	0.75	0.005801133364694418	172.38010870185818	1.0	0.375	0.002905520488928965	172.08620689655172
CONE PHOTORECEPTOR	all_reported_markers	All reported markers	3	3	CONE PHOTORECEPTOR	6.0	0.2	0.0012925373134328548	167.14255124807147	1.0	0.16666666666666666	0.0006467661691542288	257.6923076923077
RPE	all_reported_markers	All reported markers	3	3	RPE	6.0	0.3333333333333333	0.0031132001683126737	104.75883149207459	1.0	0.16666666666666666	0.0015588723051409615	104.56249999999999
PLASMACYTOID DENDRITIC CELL	all_reported_markers	All reported markers	3	3	PLASMACYTOID DENDRITIC CELL	4.0	0.5	0.005665076145675435	88.26006696868257	1.0	0.25	0.0028383627128772035	88.07894736842105
ABERRANT BASALOID CELL	all_reported_markers	All reported markers	3	3	ABERRANT BASALOID CELL	16.0	0.9375	0.010848122621188325	86.14953625115793	1.0	0.53125	0.00545427375971309	97.09726962457339
MESOTHELIAL CELL	all_reported_markers	All reported markers	3	3	MESOTHELIAL CELL	3.0	0.3333333333333333	0.004199581660919198	79.37298527500805	1.0	0.3333333333333333	0.002105263157894737	158.33333333333331
EPIBLAST	all_reported_markers	All reported markers	3	3	EPIBLAST	4.0	0.6666666666666666	0.005589570686797629	77.31701228049867	1.0	0.5	0.002805565137403703	96.14942528735631
MREGDC	all_reported_markers	All reported markers	3	3	MREGDC	8.0	0.625	0.00915175838906418	76.12377805440634	1.0	0.3125	0.004606051527860994	75.68181818181819
INHIBITORY NEURON	all_reported_markers	All reported markers	3	3	INHIBITORY NEURON	3.0	0.6666666666666666	0.005970785829842044	68.52054099488095	1.0	0.5	0.0029904306220095694	123.77777777777779
FIB 1	all_reported_markers	All reported markers	3	3	FIB1	3.0	0.3333333333333333	0.004802391752023498	55.916048654700006	0.6666666666666666	0.16666666666666666	0.0024045686804929365	55.74999999999999
T H 17	all_reported_markers	All reported markers	3	3	T H 17	4.0	0.3333333333333333	0.010238609035731618	49.26549824781321	1.0	0.16666666666666666	0.005136929183761966	49.13235294117647
PT 1	all_reported_markers	All reported markers	3	3	PT-1; PT1	3.0	0.3333333333333333	0.00496093770444687	47.88011173519444	0.6666666666666666	0.16666666666666666	0.002489048187972919	47.75714285714285
MACRO CCL	all_reported_markers	All reported markers	3	3	MACRO-CCL	3.0	1.0	0.025386014186185912	39.110594492699796	1.0	1.0	0.012778276929220326	77.69767441860465
VEC	all_reported_markers	All reported markers	3	3	VEC	3.0	0.3333333333333333	0.008161662250833516	35.534451761734175	1.0	0.16666666666666666	0.004100410041004101	35.32978723404255
MAC 1	all_reported_markers	All reported markers	3	3	MAC1	6.0	0.5	0.01682364609238936	31.03081031022728	1.0	0.3333333333333333	0.008460236886632824	41.135802469135804
BASAL 1	all_reported_markers	All reported markers	3	3	BASAL 1; BASAL1	4.0	0.25	0.013258749434138017	28.933868913237067	1.0	0.125	0.006663671758011381	28.81896551724138
CD 4 TREG	all_reported_markers	All reported markers	3	3	CD4 + TREG; CD4+ TREG; CD4_TREG	7.0	0.2857142857142857	0.015318372135856215	27.97760915915193	1.0	0.14285714285714285	0.007697600412832202	27.837988826815636
DC 3	all_reported_markers	All reported markers	3	3	DC3	3.0	0.375	0.014143739806810912	26.513496792370212	1.0	0.1875	0.007115038945476333	26.352631578947367
NK	all_reported_markers	All reported markers	3	3	NK	5.0	0.8	0.029621159688365095	25.560459927210985	0.6666666666666666	0.4	0.01493097238895558	25.34600760456274
MONOCYTES	all_reported_markers	All reported markers	3	3	MONOCYTES	5.0	0.6	0.028145306560372774	25.514205057223887	1.0	0.5	0.014186955214908325	49.73214285714286
TH 17	all_reported_markers	All reported markers	3	3	TH17	4.0	0.25	0.009051660227724212	20.92232635309521	0.6666666666666666	0.125	0.004541380340603526	20.84375
CD 14 MONOCYTE	all_reported_markers	All reported markers	3	3	CD14+ MONOCYTE	6.0	0.42857142857142855	0.02320269564555996	18.470760256403203	1.0	0.2857142857142857	0.011691414917221367	24.437956204379564
FB 4	all_reported_markers	All reported markers	3	3	FB-4; FB4	5.0	0.3	0.014849092656453155	18.23268365604345	0.6666666666666666	0.15	0.007458646616541354	18.070397111913355
NAIVE T CELL	all_reported_markers	All reported markers	3	3	NAIVE T CELL; NAÏVE T CELL	4.0	0.5	0.02828483010994115	17.677320247515542	1.0	0.3333333333333333	0.014258649915245787	26.4047619047619
TCM	all_reported_markers	All reported markers	3	3	TCM	4.0	0.5	0.026953991380465725	17.547743577584768	1.0	0.375	0.013580432172869148	26.1484375
TAM	all_reported_markers	All reported markers	3	3	TAM	3.0	0.125	0.008637750653293863	14.471360081728374	0.6666666666666666	0.0625	0.004340017958695002	14.400862068965516
CD 8 GZMK	all_reported_markers	All reported markers	3	3	CD8 GZMK; CD8+GZMK; CD8-GZMK	5.0	0.3333333333333333	0.024471848955731245	14.289863911817779	1.0	0.16666666666666666	0.012327947336923998	14.195744680851064
CYTOTOXIC	all_reported_markers	All reported markers	3	3	CYTOTOXIC	5.0	0.25	0.020803692248729244	12.017097590706323	1.0	0.2	0.01047889287136599	20.12048192771084
INFLAMMATORY MACROPHAGE	all_reported_markers	All reported markers	3	3	INFLAMMATORY MACROPHAGE	5.0	0.2	0.016213473240568183	11.250642464066058	1.0	0.1	0.008166017380881031	11.18791946308725
M 1	all_reported_markers	All reported markers	3	3	M1	4.0	0.05	0.005370184216626939	11.118100444330688	0.6666666666666666	0.025	0.00268897520167314	11.082781456953644
NEUTROPHILS	all_reported_markers	All reported markers	3	3	NEUTROPHILS	4.0	0.125	0.008040695266496145	10.724411265486038	0.6666666666666666	0.0625	0.004040706375336726	10.65923566878981
IMMUNE	all_reported_markers	All reported markers	3	3	IMMUNE	6.0	0.16666666666666666	0.016144282420558653	10.604354997909448	1.0	0.08333333333333333	0.008108108108108109	10.54746835443038
MAIT	all_reported_markers	All reported markers	3	3	MAIT	5.0	0.08333333333333333	0.009124925094691585	9.132495058158055	0.6666666666666666	0.041666666666666664	0.004586466165413534	9.084699453551911
CANCER CELL	all_reported_markers	All reported markers	3	3	CANCER CELL	8.0	0.1	0.013272233664644296	5.1237700136956645	0.6666666666666666	0.05	0.006672651107121483	5.082066869300912
AT 1	all_reported_markers	All reported markers	3	3	AT1	4.0	0.0	0.0026271492140664153	0.0	0.0	0.0	0.0013146100985957576	0.0
C 4	all_reported_markers	All reported markers	3	3	C4	4.0	0.0	0.002061992379831389	0.0	0.0	0.0	0.0010318886891684973	0.0
C 5	all_reported_markers	All reported markers	3	3	C5	4.0	0.0	0.004588254514663974	0.0	0.0	0.0	0.0022995400919816034	0.0
CLUSTER 11	all_reported_markers	All reported markers	3	3	CLUSTER 11	5.0	0.0	0.008803099406965232	0.0	0.0	0.0	0.004429789501731948	0.0
CLUSTER 6	all_reported_markers	All reported markers	3	3	CLUSTER 6	4.0	0.0	0.02077917208769991	0.0	0.0	0.0	0.01046446798473217	0.0
DISTAL	all_reported_markers	All reported markers	3	3	DISTAL	4.0	0.0	0.002989041776838036	0.0	0.0	0.0	0.0014961101137043686	0.0
ECS	all_reported_markers	All reported markers	3	3	ECS	6.0	0.0	0.007860427639782305	0.0	0.0	0.0	0.003939756632754836	0.0
EEC	all_reported_markers	All reported markers	3	3	EEC	4.0	0.0	0.0040856417933846055	0.0	0.0	0.0	0.0020472635498844003	0.0
EPI 4	all_reported_markers	All reported markers	3	3	EPI-4; EPI4	4.0	0.0	0.0021920576305382022	0.0	0.0	0.0	0.0010968192242496759	0.0
NEUROENDOCRINE	all_reported_markers	All reported markers	3	3	NEUROENDOCRINE	4.0	0.0	0.004494969657859421	0.0	0.0	0.0	0.002254283137962128	0.0
NEURONS	all_reported_markers	All reported markers	3	3	NEURONS	5.0	0.0	0.0021474715972376714	0.0	0.0	0.0	0.0010746268656716418	0.0
PE	all_reported_markers	All reported markers	3	3	PE	10.0	0.0	0.007730296123981684	0.0	0.0	0.0	0.0038852361028093247	0.0
PRINCIPAL CELL	all_reported_markers	All reported markers	3	3	PRINCIPAL CELL	5.0	0.0	0.0011952069103429164	0.0	0.0	0.0	0.0005979073243647235	0.0
PROGENITOR	all_reported_markers	All reported markers	3	3	PROGENITOR	3.0	0.0	0.014880500977652589	0.0	0.0	0.0	0.0074827895839568994	0.0
STROMAL CELL	all_reported_markers	All reported markers	3	3	STROMAL CELL	3.0	0.0	0.01843358483264229	0.0	0.0	0.0	0.009286998202516477	0.0
T REG	all_reported_markers	All reported markers	3	3	T REG	5.0	0.0	0.00977522170162275	0.0	0.0	0.0	0.004902840059790733	0.0
TUMOR CELL	all_reported_markers	All reported markers	3	3	TUMOR CELL	4.0	0.0	0.010712460556840128	0.0	0.0	0.0	0.005382775119617225	0.0
T CELL	local_private_markers	Local-only markers	34	33	T CELL; T-CELL; ΑΒ T CELL	3.0	1.0	0.26075311658673034	3.474775168668664	0.9705882352941176	0.17567567567567566	0.008593414251698704	26.21701065468638
B CELL	local_private_markers	Local-only markers	30	30	B CELL; B-CELL	3.0	0.75	0.1341759299768619	5.440060050075247	0.896551724137931	0.23563218390804597	0.005102034736497155	47.7155172413793
MACROPHAGE	local_private_markers	Local-only markers	29	29	MACROPHAGE	3.0	0.6666666666666666	0.20875311737892063	2.80407807785041	0.8928571428571429	0.10714285714285714	0.00849575212393803	11.089069422276584
ENDOTHELIAL CELL	local_private_markers	Local-only markers	28	28	ENDOTHELIAL CELL	3.0	0.6666666666666666	0.13385208897900946	4.102296933649711	0.9285714285714286	0.18518518518518517	0.005543111677694087	27.658637873754152
FIBROBLAST	local_private_markers	Local-only markers	27	27	FIBROBLAST	3.0	0.7	0.18020344625910675	3.05598743989469	0.9259259259259259	0.1285714285714286	0.007623318385650224	16.68433179723502
MONOCYTE	local_private_markers	Local-only markers	21	21	MONOCYTE	3.0	0.5	0.15472869711743778	2.8569020343709313	0.7619047619047619	0.08695652173913043	0.007915038573289249	10.839859573318932
CELL	local_private_markers	Local-only markers	19	8	Α CELL; Α-CELL; Β CELL; Β-CELL; Γ-CELL; Δ-CELL; Ε-CELL	6.0	0.4	0.02759731421355166	15.646801826254121	0.9473684210526315	0.08000000000000002	0.001973684210526316	43.37735849056603
MICROGLIA	local_private_markers	Local-only markers	18	18	MICROGLIA	5.5	0.7238095238095238	0.06462654209314705	8.81588759079144	0.9444444444444444	0.08676470588235294	0.0039884612292769	24.67852464872589
CLUSTER 2	local_private_markers	Local-only markers	18	18	CLUSTER 2; CLUSTER-2	4.5	0.0	0.07429705826839411	0.0	0.3888888888888889	0.0	0.004306422675174051	0.0
CD 4 T CELL	local_private_markers	Local-only markers	17	17	CD4 + T CELL; CD4 T CELL; CD4+ T CELL; CD4+T CELL	3.0	0.5714285714285714	0.12483190697886075	4.657689924457813	0.7647058823529411	0.09090909090909091	0.008540605334132454	11.553867403314916
MAST CELL	local_private_markers	Local-only markers	15	15	MAST CELL	3.0	1.0	0.039905560983816	21.611524552857514	0.9333333333333333	0.40476190476190477	0.002905520488928965	85.17857142857143
PLASMA CELL	local_private_markers	Local-only markers	15	15	PLASMA CELL	3.0	1.0	0.045954410146196306	15.330040389976324	0.9333333333333333	0.2095238095238095	0.0031522065445812072	74.02222222222221
TREG	local_private_markers	Local-only markers	15	15	TREG	4.0	0.75	0.11131217343449078	7.7003514592885125	0.9333333333333333	0.2619047619047619	0.008526866055360358	41.925714285714285
CD 8 T CELL	local_private_markers	Local-only markers	15	15	CD8 + T CELL; CD8 T CELL; CD8+ T CELL; CD8+ T-CELL	3.0	0.5	0.11793884175587627	4.288689600081999	0.7333333333333333	0.09999999999999999	0.008971291866028708	10.048019207683074
PERICYTE	local_private_markers	Local-only markers	13	13	PERICYTE	3.0	1.0	0.07233882481451852	9.760588751704063	1.0	0.23076923076923078	0.0057745917960971725	41.204670329670336
CLUSTER 1	local_private_markers	Local-only markers	13	13	CLUSTER 1; CLUSTER-1	3.0	0.0	0.05749776506463737	0.0	0.15384615384615385	0.0	0.0046748576565777645	0.0
NK CELL	local_private_markers	Local-only markers	12	12	NK CELL	4.0	0.7083333333333333	0.11680403586904065	4.981281710865187	0.9166666666666666	0.18412698412698408	0.008405548462067853	15.726062191884715
CLUSTER 3	local_private_markers	Local-only markers	11	11	CLUSTER 3; CLUSTER-3	3.0	0.0	0.019589755420288624	0.0	0.36363636363636365	0.0	0.0017969451931716084	0.0
CLUSTER 4	local_private_markers	Local-only markers	11	11	CLUSTER 4; CLUSTER-4	4.0	0.0	0.04684034605951178	0.0	0.18181818181818182	0.0	0.004914657634322906	0.0
BETA CELL	local_private_markers	Local-only markers	10	10	BETA CELL	9.0	0.53125	0.017025753821972165	30.86809979457496	0.9	0.1597222222222222	0.0019140137102665786	78.08253968253968
MYELOID CELL	local_private_markers	Local-only markers	10	10	MYELOID CELL	3.0	0.3333333333333333	0.08020882859718861	4.247006649895792	0.8	0.20833333333333331	0.009391084971189604	18.86025521319639
CDC 2	local_private_markers	Local-only markers	9	9	CDC2	4.0	0.5	0.03422425667612597	25.108813325656715	1.0	0.22500000000000003	0.0043582807333934475	69.52083333333333
CDC 1	local_private_markers	Local-only markers	9	9	CDC1	3.0	0.8	0.03469162429032609	24.278373956480852	1.0	0.38000000000000006	0.0035318766836276564	143.96818181818185
SMOOTH MUSCLE CELL	local_private_markers	Local-only markers	9	9	SMOOTH MUSCLE CELL	3.0	0.5	0.04569477768986848	18.082435718625067	0.8888888888888888	0.1875	0.0058846997805705155	43.619791666666664
CLUSTER 5	local_private_markers	Local-only markers	9	9	CLUSTER 5	3.0	0.0	0.029511417149918895	0.0	0.3333333333333333	0.0	0.003747002398081535	0.0
GOBLET CELL	local_private_markers	Local-only markers	8	8	GOBLET CELL	4.0	0.7	0.018005751451421043	42.49210397295235	0.875	0.28571428571428575	0.0026027850756220796	130.4586038961039
CARDIOMYOCYTE	local_private_markers	Local-only markers	8	8	CARDIOMYOCYTE	6.5	0.38888888888888884	0.010359214932878289	23.17768388291606	0.75	0.0625	0.0013067031069262686	37.66630562687206
ASTROCYTE	local_private_markers	Local-only markers	8	8	ASTROCYTE	4.0	0.5833333333333333	0.03144555193675048	17.198504219259373	1.0	0.25	0.0046322654338008485	59.334981684981685
AT 2	local_private_markers	Local-only markers	8	8	AT2	3.5	0.41666666666666663	0.01841360989204297	17.04396414852497	0.8571428571428571	0.1388888888888889	0.0020692699571685934	67.39393939393939
MYOFIBROBLAST	local_private_markers	Local-only markers	8	8	MYOFIBROBLAST	6.5	0.6041666666666666	0.03004116558199839	11.777246243596746	0.875	0.22023809523809523	0.004591706302851843	25.104671791839145
ACINAR CELL	local_private_markers	Local-only markers	7	7	ACINAR CELL	4.0	0.3333333333333333	0.004174734811550655	131.49199269232406	0.8571428571428571	0.1111111111111111	0.000697350069735007	159.33333333333334
MELANOCYTE	local_private_markers	Local-only markers	7	7	MELANOCYTE	3.0	1.0	0.020028635492474023	49.650473071281276	1.0	0.6666666666666666	0.003368263473053892	196.88235294117644
STEM CELL	local_private_markers	Local-only markers	7	7	STEM CELL	5.0	1.0	0.02257900953993608	39.2031101957018	0.7142857142857143	0.5333333333333333	0.003811659192825112	141.84883720930233
OLIGODENDROCYTE	local_private_markers	Local-only markers	7	7	OLIGODENDROCYTE	4.0	0.6666666666666666	0.013898126511111534	36.293590740961406	1.0	0.38888888888888884	0.0023474178403755873	113.28813559322033
PODOCYTE	local_private_markers	Local-only markers	7	7	PODOCYTE	5.0	0.5555555555555556	0.019109893834652534	35.16477707173028	0.7142857142857143	0.2037037037037037	0.003223019670388091	81.20486111111113
ENTEROENDOCRINE CELL	local_private_markers	Local-only markers	7	7	ENTEROENDOCRINE CELL	3.0	0.5	0.017736450309034184	31.14143278487312	1.0	0.38888888888888884	0.002989536621823618	144.91304347826085
BASAL CELL	local_private_markers	Local-only markers	7	7	BASAL CELL	3.0	0.5	0.02432254560303282	17.14608059700804	1.0	0.08333333333333333	0.004114302812687013	39.87617835595777
EPITHELIAL CELL	local_private_markers	Local-only markers	7	7	EPITHELIAL CELL	3.0	1.0	0.0559852020849416	15.843244851900602	1.0	0.2222222222222222	0.009626307922272048	23.229166666666664
MESENCHYMAL	local_private_markers	Local-only markers	7	7	MESENCHYMAL	3.0	0.6666666666666666	0.05403734388160745	12.3371472166969	1.0	0.1111111111111111	0.009267563527653214	11.989247311827956
EC	local_private_markers	Local-only markers	7	7	EC	5.0	0.2	0.03987645199774845	11.06483091291644	0.7142857142857143	0.10000000000000002	0.006892808683853459	18.555555555555554
ENTEROCYTE	local_private_markers	Local-only markers	6	6	ENTEROCYTE	3.0	0.6333333333333333	0.0065215942206215995	87.6587947694409	1.0	0.30666666666666664	0.0013103105936970718	210.39829545454543
ALPHA CELL	local_private_markers	Local-only markers	6	6	ALPHA CELL	9.0	0.5477941176470589	0.012184967948646031	55.639049979692075	1.0	0.23676470588235293	0.002453177923889221	141.47321428571428
ASTROCYTES	local_private_markers	Local-only markers	6	6	ASTROCYTES	3.5	0.25	0.015900320888286863	12.145058580556228	0.6666666666666666	0.05	0.0032127038207506063	13.79106890130354
BASAL	local_private_markers	Local-only markers	6	6	BASAL	2.5	0.4583333333333333	0.04986924284211082	9.433005986180278	0.6666666666666666	0.20138888888888887	0.008524874799206274	22.805555555555557
MACROPHAGES	local_private_markers	Local-only markers	6	6	MACROPHAGES	4.5	0.35	0.037510032474543875	6.024344717304184	0.8333333333333334	0.09	0.007662968663466262	9.671905369588691
FIBROBLASTS	local_private_markers	Local-only markers	6	6	FIBROBLASTS	3.0	0.16666666666666666	0.03511606572791177	2.8317979921767664	0.5	0.06666666666666667	0.00718603485899658	5.478688524590165
DENDRITIC CELL	local_private_markers	Local-only markers	6	6	DENDRITIC CELL	3.0	0.0	0.011809871751642553	0.0	0.0	0.0	0.0019812102265669845	0.0
IMMUNE CELL	local_private_markers	Local-only markers	6	6	IMMUNE CELL	6.0	0.0	0.02328206967461143	0.0	0.16666666666666666	0.0	0.003961099812015602	0.0
ADIPOCYTE	local_private_markers	Local-only markers	5	5	ADIPOCYTE	3.0	0.6666666666666666	0.004808043015253505	138.6565520632133	0.8	0.41666666666666663	0.0012044564890093346	277.0833333333333
TUFT CELL	local_private_markers	Local-only markers	5	5	TUFT CELL	8.0	0.5	0.005977801551463158	128.11713725269007	1.0	0.21875	0.0014983518130056938	223.73076923076925
EXCITATORY NEURON	local_private_markers	Local-only markers	5	5	EXCITATORY NEURON	5.0	0.3333333333333333	0.0039790755105976365	83.7715525743487	0.8	0.16666666666666666	0.000997406742469579	167.1
DELTA CELL	local_private_markers	Local-only markers	5	5	DELTA CELL	5.0	0.625	0.0069808252300219	74.92671583280561	1.0	0.3125	0.001756877990430622	167.4
HEPATOCYTE	local_private_markers	Local-only markers	5	5	HEPATOCYTE	4.0	0.4	0.005959002430392352	73.0255587691427	0.8	0.1	0.0014947683109118087	72.71739130434783
HSC	local_private_markers	Local-only markers	5	5	HSC	5.0	0.4	0.009531896747135874	43.02619073593598	0.8	0.2	0.002391629297458894	84.91525423728812
MAC 2	local_private_markers	Local-only markers	5	5	MAC 2; MAC2	5.0	0.5	0.0229941457433507	26.274498901879962	0.8	0.125	0.00585949177877429	26.039062499999996
MEMORY B CELL	local_private_markers	Local-only markers	5	5	MEMORY B CELL	3.0	0.5	0.02189419742606885	22.837101094405178	0.8	0.25	0.005533951540532456	45.17567567567568
OPC	local_private_markers	Local-only markers	5	5	OPC	4.0	0.6	0.024173817208102986	22.439633493695695	1.0	0.45000000000000007	0.006152927120669056	73.1359223300971
B CELLS	local_private_markers	Local-only markers	5	5	B CELLS	3.0	0.5	0.025134616621539874	18.78540211431624	0.8	0.3125	0.006354665071770335	46.33333333333333
MYOFIBROBLASTS	local_private_markers	Local-only markers	5	5	MYOFIBROBLASTS	3.0	0.4	0.021839996688716345	17.992341384765297	0.8	0.1	0.005555555555555555	23.23611111111111
SMC	local_private_markers	Local-only markers	5	5	SMC	4.0	0.3333333333333333	0.015325293450715649	17.120909434722236	1.0	0.1875	0.003895714713814804	35.20774647887323
ENDOTHELIAL	local_private_markers	Local-only markers	5	5	ENDOTHELIAL	3.0	0.5	0.01506360232045259	14.747358266862479	0.6	0.125	0.0038059701492537314	21.717391304347828
DUCTAL CELL	local_private_markers	Local-only markers	5	5	DUCTAL CELL	4.0	0.16666666666666666	0.01850163560474183	9.489765785312525	0.8	0.08333333333333333	0.0046780133373146215	17.81382978723404
FB 1	local_private_markers	Local-only markers	5	5	FB-1; FB1	4.0	0.08333333333333333	0.012187709501746524	8.347143088873771	0.6	0.016666666666666666	0.002464893934867045	8.239506172839507
DC	local_private_markers	Local-only markers	5	5	DC	5.0	0.0	0.011405228427957836	0.0	0.4	0.0	0.002869955156950673	0.0
PC	local_private_markers	Local-only markers	5	5	PC; PΑC	5.0	0.0	0.014269968978220063	0.0	0.4	0.0	0.003592814371257485	0.0
T CELLS	local_private_markers	Local-only markers	5	5	T CELLS; ΑΒ T CELLS; ΓΔ T CELLS	5.0	0.0	0.029769414524821847	0.0	0.4	0.0	0.007544069315805198	0.0
BIPOLAR CELL	local_private_markers	Local-only markers	4	4	BIPOLAR CELL	3.5	0.41666666666666663	0.0010460248552300968	390.18007872180294	1.0	0.1388888888888889	0.0003488835725677831	389.96666666666664
OLIGODENDROCYTES	local_private_markers	Local-only markers	4	4	OLIGODENDROCYTES	4.5	1.0	0.012115218816368081	71.68669143165812	1.0	0.7833333333333334	0.0040585394631773445	183.85627118644067
INTERNEURON	local_private_markers	Local-only markers	4	4	INTERNEURON	4.0	0.625	0.009037754960770014	66.63321195084424	0.75	0.375	0.0030278110047846887	118.13969813969814
MULLER GLIA	local_private_markers	Local-only markers	4	4	MÜLLER GLIA	4.5	0.5476190476190476	0.006141223088144128	63.27639433037269	1.0	0.26190476190476186	0.0020618652799177066	90.06410256410254
GOBLET	local_private_markers	Local-only markers	4	4	GOBLET	3.5	0.3666666666666667	0.0068605409246989876	59.09795374844383	1.0	0.12222222222222222	0.002294248591940378	58.92676767676767
TE	local_private_markers	Local-only markers	4	4	TE	7.5	0.5857142857142856	0.011916052972184895	43.7465942147804	1.0	0.31666666666666665	0.003998444988815433	70.65853145824136
NEUTROPHIL	local_private_markers	Local-only markers	4	4	NEUTROPHIL	3.5	0.20833333333333331	0.0048110362803596655	43.508737992994504	0.75	0.1388888888888889	0.001607766025985182	86.7907647907648
LYMPHATIC ENDOTHELIAL CELL	local_private_markers	Local-only markers	4	4	LYMPHATIC ENDOTHELIAL CELL	2.5	0.41666666666666663	0.016217373712227666	37.339140531712175	1.0	0.2777777777777778	0.0054385999814677705	69.60416666666666
VASCULAR SMOOTH MUSCLE CELL	local_private_markers	Local-only markers	4	4	VASCULAR SMOOTH MUSCLE CELL	3.0	0.5833333333333333	0.01817755339490129	27.36606982581325	1.0	0.25	0.006112063882455748	29.19158305462653
ILC 3	local_private_markers	Local-only markers	4	4	ILC-3; ILC3	3.5	0.55	0.028425682471121066	22.944900390652215	0.75	0.45000000000000007	0.009581018117547217	53.7276119402985
EXHAUSTED CD 8 T CELL	local_private_markers	Local-only markers	4	4	EXHAUSTED CD8 T CELL; EXHAUSTED CD8+ T CELL	4.5	0.41666666666666663	0.021529642201600842	17.681509257092213	0.75	0.2222222222222222	0.007245697406746637	27.557496952458347
ENDOTHELIAL CELLS	local_private_markers	Local-only markers	4	4	ENDOTHELIAL CELLS	3.0	0.41666666666666663	0.02266216424363044	17.61636399145515	0.75	0.19444444444444442	0.007627298211253611	26.255116959064324
NK CELLS	local_private_markers	Local-only markers	4	4	NK CELLS	2.5	0.5833333333333333	0.03699593841375326	15.643529693944709	1.0	0.14583333333333331	0.00944658207520526	15.284584237769243
PERICYTES	local_private_markers	Local-only markers	4	4	PERICYTES	3.5	0.3333333333333333	0.025694255243609788	15.20262793676909	1.0	0.125	0.006536158632902291	23.062988917861798
MESANGIAL CELL	local_private_markers	Local-only markers	4	4	MESANGIAL CELL	5.5	0.1	0.011334613392711402	9.754973527261603	0.5	0.03333333333333333	0.003812173242932034	9.692753623188407
CLUSTER 7	local_private_markers	Local-only markers	4	4	CLUSTER 7	2.5	0.08333333333333333	0.037934656490386964	3.1220143103864895	0.5	0.020833333333333332	0.009674783100858774	3.061580882352941
SMCS	local_private_markers	Local-only markers	4	4	SMCS	3.5	0.1	0.010858346310009665	3.0393910541054114	0.5	0.05555555555555555	0.003642326895265481	5.964349376114082
CANCER ASSOCIATED FIBROBLAST	local_private_markers	Local-only markers	4	4	CANCER-ASSOCIATED FIBROBLAST	3.0	0.0	0.019963240141687176	0.0	0.0	0.0	0.006732507571020353	0.0
CLUSTER 0	local_private_markers	Local-only markers	4	4	CLUSTER 0	3.5	0.0	0.010260234905287172	0.0	0.0	0.0	0.002579271096875897	0.0
CLUSTER 8	local_private_markers	Local-only markers	4	4	CLUSTER 8	3.5	0.0	0.015502485281795039	0.0	0.0	0.0	0.005211002365593072	0.0
FB 2	local_private_markers	Local-only markers	4	4	FB2	3.0	0.0	0.01075904738518424	0.0	0.0	0.0	0.0027164876631075117	0.0
HSPC	local_private_markers	Local-only markers	4	4	HSPC	3.0	0.0	0.006721276572934798	0.0	0.0	0.0	0.002248476912201431	0.0
LYMPHOCYTE	local_private_markers	Local-only markers	4	4	LYMPHOCYTE	3.0	0.0	0.017098751308105214	0.0	0.25	0.0	0.004332237824917836	0.0
TC	local_private_markers	Local-only markers	4	4	TC	8.0	0.0	0.008226753089195876	0.0	0.0	0.0	0.002754309938024979	0.0
ROD	local_private_markers	Local-only markers	3	3	ROD	4.0	0.25	0.0007485253505698508	333.9900242652777	0.6666666666666666	0.125	0.00037436358191075174	333.9
CONE	local_private_markers	Local-only markers	3	3	CONE	6.0	0.3333333333333333	0.002390913669558903	278.3681056652643	1.0	0.25	0.0011961722488038277	417.375
ATRIAL CARDIOMYOCYTE	local_private_markers	Local-only markers	3	3	ATRIAL CARDIOMYOCYTE	3.0	0.42857142857142855	0.0023902238060353426	229.17884495955565	1.0	0.21428571428571427	0.0011961722488038277	228.94642857142856
OSTEOCLAST	local_private_markers	Local-only markers	3	3	OSTEOCLAST	4.0	0.25	0.002130756675973717	216.89505011504534	1.0	0.125	0.0010664164142814487	216.5869565217391
NEURONAL CELL	local_private_markers	Local-only markers	3	3	NEURONAL CELL	3.0	0.6666666666666666	0.0029863208391496254	208.07454877383412	0.6666666666666666	0.3333333333333333	0.0014947683109118087	207.8125
ERYTHROCYTE	local_private_markers	Local-only markers	3	3	ERYTHROCYTE	3.0	1.0	0.004983476161449563	200.06314612011866	1.0	0.8333333333333333	0.00249500998003992	333.69999999999993
CONE PHOTORECEPTOR	local_private_markers	Local-only markers	3	3	CONE PHOTORECEPTOR	6.0	0.2222222222222222	0.0012925373134328548	185.71919870888277	1.0	0.16666666666666666	0.0006467661691542288	278.41666666666663
PDCS	local_private_markers	Local-only markers	3	3	PDCS	3.0	1.0	0.005668111207151938	176.42561401022178	1.0	0.5	0.0028383627128772035	176.1578947368421
PROXIMAL TUBULE	local_private_markers	Local-only markers	3	3	PROXIMAL TUBULE	5.0	0.6	0.005535939913182353	108.38267925763812	1.0	0.4000000000000001	0.0018518518518518517	223.2
PLASMACYTOID DENDRITIC CELL	local_private_markers	Local-only markers	3	3	PLASMACYTOID DENDRITIC CELL	3.0	0.6666666666666666	0.005665076145675435	88.26006696868257	1.0	0.3333333333333333	0.0028383627128772035	88.07894736842105
MREGDC	local_private_markers	Local-only markers	3	3	MREGDC	7.0	0.625	0.005672651939630513	88.14219615818125	1.0	0.3125	0.002840909090909091	88.0
ABERRANT BASALOID CELL	local_private_markers	Local-only markers	3	3	ABERRANT BASALOID CELL	16.0	0.9375	0.010848122621188325	86.14953625115793	1.0	0.53125	0.00545427375971309	97.09726962457339
MESOTHELIAL CELL	local_private_markers	Local-only markers	3	3	MESOTHELIAL CELL	3.0	0.3333333333333333	0.004199581660919198	79.37298527500805	1.0	0.3333333333333333	0.002105263157894737	158.33333333333331
RPE	local_private_markers	Local-only markers	3	3	RPE	3.0	0.2222222222222222	0.0031132001683126737	71.38064056532049	0.6666666666666666	0.1111111111111111	0.0015588723051409615	71.27659574468086
FIB 1	local_private_markers	Local-only markers	3	3	FIB1	3.0	0.3333333333333333	0.004802391752023498	55.916048654700006	0.6666666666666666	0.16666666666666666	0.0024045686804929365	55.74999999999999
NEPHRON PROGENITOR	local_private_markers	Local-only markers	3	3	NEPHRON PROGENITOR	3.0	0.3333333333333333	0.006264184706219811	53.21256459796935	1.0	0.1111111111111111	0.0020926756352765323	53.09523809523809
GLIAL CELL	local_private_markers	Local-only markers	3	3	GLIAL CELL	3.0	0.42857142857142855	0.011913932412369746	43.4839307062117	0.6666666666666666	0.19047619047619047	0.003993211540381352	57.67965367965368
T H 17	local_private_markers	Local-only markers	3	3	T H 17	4.0	0.3333333333333333	0.009771805739851017	40.91610247462517	1.0	0.16666666666666666	0.0049034324026818775	40.74390243902439
PLASMABLAST	local_private_markers	Local-only markers	3	3	PLASMABLAST	3.0	1.0	0.017189635081284054	38.78306104313572	1.0	0.3333333333333333	0.005786690611593336	62.54205607476635
CD 8 GZMK	local_private_markers	Local-only markers	3	3	CD8 GZMK; CD8+GZMK; CD8-GZMK	1.0	1.0	0.028468287920247692	35.0643083182641	0.6666666666666666	0.5	0.014336917562724014	34.8125
MACRO CCL	local_private_markers	Local-only markers	3	3	MACRO-CCL	3.0	1.0	0.025568519552589652	35.03702341893885	1.0	1.0	0.012870398084405868	69.5625
BASAL 1	local_private_markers	Local-only markers	3	3	BASAL 1; BASAL1	3.0	0.3333333333333333	0.01092252748214743	30.517967007009823	0.6666666666666666	0.16666666666666666	0.00548409612124838	30.390909090909087
TH 17	local_private_markers	Local-only markers	3	3	TH17	3.0	0.3333333333333333	0.009051660227724212	29.368324465627218	0.6666666666666666	0.16666666666666666	0.004541380340603526	29.25438596491228
CD 4 TREG	local_private_markers	Local-only markers	3	3	CD4 + TREG; CD4+ TREG; CD4_TREG	7.0	0.2857142857142857	0.015318372135856215	27.97760915915193	1.0	0.14285714285714285	0.007697600412832202	27.837988826815636
NAIVE T CELL	local_private_markers	Local-only markers	3	3	NAIVE T CELL; NAÏVE T CELL	4.0	0.6	0.029040189117702953	19.528572967966827	1.0	0.4	0.014635603345280765	26.4047619047619
CD 14 MONOCYTE	local_private_markers	Local-only markers	3	3	CD14+ MONOCYTE	4.0	0.5	0.02518549499942091	18.470760256403203	1.0	0.375	0.01269035532994924	24.970149253731346
FB 4	local_private_markers	Local-only markers	3	3	FB-4; FB4	5.0	0.375	0.014849092656453155	18.299329524477294	0.6666666666666666	0.1875	0.007458646616541354	18.135869565217394
INFLAMMATORY MACROPHAGE	local_private_markers	Local-only markers	3	3	INFLAMMATORY MACROPHAGE	3.0	0.3333333333333333	0.016065533558956246	16.94829465839039	1.0	0.16666666666666666	0.008081412750673452	16.838383838383837
EPI	local_private_markers	Local-only markers	3	3	EPI	12.0	0.06896551724137931	0.004474933681396509	16.776351890585143	0.6666666666666666	0.06896551724137931	0.0014938751120406335	49.95522388059702
EPITHELIAL	local_private_markers	Local-only markers	3	3	EPITHELIAL	4.0	0.3333333333333333	0.021847348457108024	15.257381644630815	0.6666666666666666	0.1111111111111111	0.0073441247002398085	15.129251700680271
TAM	local_private_markers	Local-only markers	3	3	TAM	3.0	0.125	0.008637750653293863	14.471360081728374	0.6666666666666666	0.0625	0.004340017958695002	14.400862068965516
NATURAL KILLER NK CELL	local_private_markers	Local-only markers	3	3	NATURAL KILLER (NK) CELL	3.0	0.6666666666666666	0.03968517202663932	14.137336911971124	1.0	0.4444444444444444	0.01344889420203228	27.825
MAC 1	local_private_markers	Local-only markers	3	3	MAC1	3.0	0.2	0.016739651497026366	11.947680035962998	0.6666666666666666	0.2	0.008420424007166317	23.751773049645394
M 1	local_private_markers	Local-only markers	3	3	M1	3.0	0.05	0.005370184216626939	11.118100444330688	0.6666666666666666	0.025	0.00268897520167314	11.082781456953644
NEUTROPHILS	local_private_markers	Local-only markers	3	3	NEUTROPHILS	4.0	0.14285714285714285	0.008040695266496145	10.863605728156005	0.6666666666666666	0.07142857142857142	0.004040706375336726	10.796774193548385
STROMAL	local_private_markers	Local-only markers	3	3	STROMAL	4.0	0.25	0.028280803895298634	7.071934756184486	1.0	0.13333333333333333	0.00954668267787451	13.966457023060798
CANCER CELL	local_private_markers	Local-only markers	3	3	CANCER CELL	7.0	0.1	0.013272233664644296	5.981035840208126	0.6666666666666666	0.05	0.006672651107121484	5.929078014184397
C 1	local_private_markers	Local-only markers	3	3	C1	3.0	0.0	0.011439981955481534	0.0	0.0	0.0	0.002299540091981604	0.0
CLUSTER 6	local_private_markers	Local-only markers	3	3	CLUSTER 6	1.0	0.0	0.0	0.0	0.0	0.0	0.0	0.0
DISTAL	local_private_markers	Local-only markers	3	3	DISTAL	2.0	0.0	0.0014953490762438237	0.0	0.0	0.0	0.0007480550568521843	0.0
ECS	local_private_markers	Local-only markers	3	3	ECS	6.0	0.0	0.007860427639782305	0.0	0.0	0.0	0.003939756632754836	0.0
EEC	local_private_markers	Local-only markers	3	3	EEC	4.0	0.0	0.0040856417933846055	0.0	0.0	0.0	0.0020472635498844003	0.0
EPI 4	local_private_markers	Local-only markers	3	3	EPI-4; EPI4	4.0	0.0	0.0021920576305382022	0.0	0.0	0.0	0.0010968192242496759	0.0
FB 3	local_private_markers	Local-only markers	3	3	FB-3; FB3	5.0	0.0	0.01964849077979889	0.0	0.3333333333333333	0.0	0.0066006600660066	0.0
GC B CELL	local_private_markers	Local-only markers	3	3	GC B CELL	7.0	0.0	0.0028213063199020094	0.0	0.3333333333333333	0.0	0.0009423859498822018	0.0
IMMUNE	local_private_markers	Local-only markers	3	3	IMMUNE	4.0	0.0	0.018044131145787873	0.0	0.3333333333333333	0.0	0.009075907590759076	0.0
NEUROENDOCRINE	local_private_markers	Local-only markers	3	3	NEUROENDOCRINE	3.0	0.0	0.004992142118416994	0.0	0.0	0.0	0.0025047590421801423	0.0
NEURONS	local_private_markers	Local-only markers	3	3	NEURONS	5.0	0.0	0.0021474715972376714	0.0	0.0	0.0	0.0010746268656716418	0.0
PE	local_private_markers	Local-only markers	3	3	PE	5.0	0.0	0.007730296123981684	0.0	0.0	0.0	0.0038852361028093247	0.0
PROGENITOR	local_private_markers	Local-only markers	3	3	PROGENITOR	3.0	0.0	0.011362342854142591	0.0	0.0	0.0	0.005716754744574069	0.0
PT 1	local_private_markers	Local-only markers	3	3	PT-1; PT1	3.0	0.0	0.0035863688990231957	0.0	0.3333333333333333	0.0	0.0017947950942267424	0.0
T REG	local_private_markers	Local-only markers	3	3	T REG	4.0	0.0	0.010130730783066366	0.0	0.0	0.0	0.005082212257100149	0.0
TUMOR CELL	local_private_markers	Local-only markers	3	3	TUMOR CELL	3.0	0.0	0.011891673054331475	0.0	0.0	0.0	0.005973715651135005	0.0
CHONDROCYTE	local_private_markers	Local-only markers	2	2	CHONDROCYTE	5.0	1.0	0.0021541111326110808	464.22864371797175	1.0	0.6	0.0010778444079963794	556.6666666666665
EPIBLAST	local_private_markers	Local-only markers	2	2	EPIBLAST	5.5	0.6428571428571428	0.008000757574558783	85.22589114749152	1.0	0.3839285714285714	0.004018887420626731	94.53304597701148
INHIBITORY NEURON	local_private_markers	Local-only markers	2	2	INHIBITORY NEURON	3.0	0.5	0.007253453715266941	69.14627606972394	1.0	0.41666666666666663	0.003636155315176956	120.86989795918367
MAIT	local_private_markers	Local-only markers	2	2	MAIT	5.0	0.23809523809523808	0.00554511602377457	44.274724923329174	1.0	0.11904761904761904	0.002778130390912346	44.200947603121506
DC 3	local_private_markers	Local-only markers	2	2	DC3	4.0	0.7142857142857143	0.01639491385728585	43.24747923103395	1.0	0.35714285714285715	0.008239723003318279	43.04067460317461
CYTOTOXIC	local_private_markers	Local-only markers	2	2	CYTOTOXIC	8.0	0.25	0.019253779234192858	13.069153436683619	1.0	0.20833333333333331	0.009693039250054252	21.98610750713587
NK	local_private_markers	Local-only markers	2	2	NK	5.0	0.4	0.022125917189105636	12.780229963605493	0.5	0.2	0.011145491975294873	12.67300380228137
TCM	local_private_markers	Local-only markers	2	2	TCM	1.5	0.5	0.0296617981845968	12.253113480995365	0.5	0.5	0.01495959901737809	24.253623188405797
VEC	local_private_markers	Local-only markers	2	2	VEC	4.5	0.0625	0.00872266209934442	6.919917152022941	0.5	0.03125	0.004376775753456104	6.886363636363636
AT 1	local_private_markers	Local-only markers	2	2	AT1	2.5	0.0	0.0033860972299248338	0.0	0.0	0.0	0.0016982825223075127	0.0
C 3	local_private_markers	Local-only markers	2	2	C3	6.5	0.0	0.012558152104711753	0.0	0.0	0.0	0.0042526569690628565	0.0
C 4	local_private_markers	Local-only markers	2	2	C4	1.5	0.0	0.005230553693861134	0.0	0.0	0.0	0.0026255109593268104	0.0
C 6	local_private_markers	Local-only markers	2	2	C6	2.0	0.0	0.012176910744442307	0.0	0.0	0.0	0.004091163694681942	0.0
CLUSTER 11	local_private_markers	Local-only markers	2	2	CLUSTER 11	5.5	0.0	0.002875544246274344	0.0	0.0	0.0	0.0014421926584293103	0.0
PRINCIPAL CELL	local_private_markers	Local-only markers	2	2	PRINCIPAL CELL	5.0	0.0	0.0009559728023359915	0.0	0.0	0.0	0.00047821867562723773	0.0
STROMAL CELL	local_private_markers	Local-only markers	2	2	STROMAL CELL	3.0	0.0	0.014935874923189651	0.0	0.0	0.0	0.007542692839915686	0.0
C 2	local_private_markers	Local-only markers	1	1	C2	3.0	0.0	0.0017937210099339869	0.0	0.0	0.0	0.0005984440454817474	0.0
C 5	local_private_markers	Local-only markers	1	1	C5	4.0	0.0	0.0037351047062198772	0.0	0.0	0.0	0.0018701376421304608	0.0
MONOCYTES	local_private_markers	Local-only markers	1	1	MONOCYTES	3.0	0.0	0.004974785559957155	0.0	0.0	0.0	0.002491280518186348	0.0
