project_id	dataset_id	name	url	study_dir	cap_json	cap_json_zip_url	cap_json_zip	download_status	error
609	1412	Cross-species Spinal Cord Atlas: Cholinergic	https://celltype.info/project/609/dataset/1412	data/cell_annotation_platform/datasets/project_609_dataset_1412_cross-species-spinal-cord-atlas-cholinergic	data/cell_annotation_platform/datasets/project_609_dataset_1412_cross-species-spinal-cord-atlas-cholinergic/cap.json	https://storage.googleapis.com/cap-gke-prod-anndata/public-anndata-project_598_2__published__TyOREtgN9q-NNtTHMsu0G_1412.h5ad.json.zip	data/cell_annotation_platform/datasets/project_609_dataset_1412_cross-species-spinal-cord-atlas-cholinergic/public-anndata-project_598_2__published__TyOREtgN9q-NNtTHMsu0G_1412.h5ad.json.zip	already_extracted	
609	1409	Cross-species Spinal Cord Atlas: Glutamatergic	https://celltype.info/project/609/dataset/1409	data/cell_annotation_platform/datasets/project_609_dataset_1409_cross-species-spinal-cord-atlas-glutamatergic	data/cell_annotation_platform/datasets/project_609_dataset_1409_cross-species-spinal-cord-atlas-glutamatergic/cap.json	https://storage.googleapis.com/cap-gke-prod-anndata/public-anndata-project_598_2__published__pBGDg7mN591wGHHzIk-Mm_1409.h5ad.json.zip	data/cell_annotation_platform/datasets/project_609_dataset_1409_cross-species-spinal-cord-atlas-glutamatergic/public-anndata-project_598_2__published__pBGDg7mN591wGHHzIk-Mm_1409.h5ad.json.zip	already_extracted	
609	1410	Cross-species Spinal Cord Atlas	https://celltype.info/project/609/dataset/1410	data/cell_annotation_platform/datasets/project_609_dataset_1410_cross-species-spinal-cord-atlas	data/cell_annotation_platform/datasets/project_609_dataset_1410_cross-species-spinal-cord-atlas/cap.json	https://storage.googleapis.com/cap-gke-prod-anndata/public-anndata-project_598_2__published__W_7r4j-9Es051T_ZWz_Rd_1410.h5ad.json.zip	data/cell_annotation_platform/datasets/project_609_dataset_1410_cross-species-spinal-cord-atlas/public-anndata-project_598_2__published__W_7r4j-9Es051T_ZWz_Rd_1410.h5ad.json.zip	already_extracted	
609	1411	Cross-species Spinal Cord Atlas: Non-Neurons	https://celltype.info/project/609/dataset/1411	data/cell_annotation_platform/datasets/project_609_dataset_1411_cross-species-spinal-cord-atlas-non-neurons	data/cell_annotation_platform/datasets/project_609_dataset_1411_cross-species-spinal-cord-atlas-non-neurons/cap.json	https://storage.googleapis.com/cap-gke-prod-anndata/public-anndata-project_598_2__published__Ar2hf4TciA44t5FcFNEke_1411.h5ad.json.zip	data/cell_annotation_platform/datasets/project_609_dataset_1411_cross-species-spinal-cord-atlas-non-neurons/public-anndata-project_598_2__published__Ar2hf4TciA44t5FcFNEke_1411.h5ad.json.zip	already_extracted	
618	1438	CD45 negative cells from human liver dataset	https://celltype.info/project/618/dataset/1438	data/cell_annotation_platform/datasets/project_618_dataset_1438_cd45-negative-cells-from-human-liver-dataset	data/cell_annotation_platform/datasets/project_618_dataset_1438_cd45-negative-cells-from-human-liver-dataset/cap.json	https://storage.googleapis.com/cap-gke-prod-anndata/public-anndata-project_569_1__published__86a1pcdixxbs1w_AU12hc_1438.h5ad.json.zip	data/cell_annotation_platform/datasets/project_618_dataset_1438_cd45-negative-cells-from-human-liver-dataset/public-anndata-project_569_1__published__86a1pcdixxbs1w_AU12hc_1438.h5ad.json.zip	already_extracted	
618	1439	Lymphoid cells from human liver dataset	https://celltype.info/project/618/dataset/1439	data/cell_annotation_platform/datasets/project_618_dataset_1439_lymphoid-cells-from-human-liver-dataset	data/cell_annotation_platform/datasets/project_618_dataset_1439_lymphoid-cells-from-human-liver-dataset/cap.json	https://storage.googleapis.com/cap-gke-prod-anndata/public-anndata-project_569_1__published__Z5XtTWZw_DnodvcOvZAyz_1439.h5ad.json.zip	data/cell_annotation_platform/datasets/project_618_dataset_1439_lymphoid-cells-from-human-liver-dataset/public-anndata-project_569_1__published__Z5XtTWZw_DnodvcOvZAyz_1439.h5ad.json.zip	already_extracted	
618	1440	Myeloid cells from human liver dataset	https://celltype.info/project/618/dataset/1440	data/cell_annotation_platform/datasets/project_618_dataset_1440_myeloid-cells-from-human-liver-dataset	data/cell_annotation_platform/datasets/project_618_dataset_1440_myeloid-cells-from-human-liver-dataset/cap.json	https://storage.googleapis.com/cap-gke-prod-anndata/public-anndata-project_569_1__published__0s70XkvGftSFKbcb1pEH6_1440.h5ad.json.zip	data/cell_annotation_platform/datasets/project_618_dataset_1440_myeloid-cells-from-human-liver-dataset/public-anndata-project_569_1__published__0s70XkvGftSFKbcb1pEH6_1440.h5ad.json.zip	already_extracted	
387	816	Concerted changes in the pediatric single-cell intestinal ecosystem before and after anti-TNF blockade	https://celltype.info/project/387/dataset/816	data/cell_annotation_platform/datasets/project_387_dataset_816_concerted-changes-in-the-pediatric-single-cell-intestinal-ecosystem-before-and-a	data/cell_annotation_platform/datasets/project_387_dataset_816_concerted-changes-in-the-pediatric-single-cell-intestinal-ecosystem-before-and-a/cap.json	https://storage.googleapis.com/cap-gke-prod-anndata/public-anndata_project-302_1___published__e14e2c89-b79f-47ca-8937-ace7dd9a17b9.0bbf2694-e4d6-4514-aa1e-464afb2c9d87.zheng2024GCACAPcsrcelltypeupdate.h5ad.json.zip	data/cell_annotation_platform/datasets/project_387_dataset_816_concerted-changes-in-the-pediatric-single-cell-intestinal-ecosystem-before-and-a/public-anndata_project-302_1___published__e14e2c89-b79f-47ca-8937-ace7dd9a17b9.0bbf2694-e4d6-4514-aa1e-464afb2c9d87.zheng2024GCACAPcsrcelltypeupdate.h5ad.json.zip	already_extracted	
389	825	An Atlas of Cells in the Human Tonsil	https://celltype.info/project/389/dataset/825	data/cell_annotation_platform/datasets/project_389_dataset_825_an-atlas-of-cells-in-the-human-tonsil	data/cell_annotation_platform/datasets/project_389_dataset_825_an-atlas-of-cells-in-the-human-tonsil/cap.json	https://storage.googleapis.com/cap-gke-prod-anndata/public-anndata_project-324_1___published__de108c2f-4880-4f55-a595-7e9e7db6dac6.TonsilAtlasADATAtoCAPv2.h5ad.json.zip	data/cell_annotation_platform/datasets/project_389_dataset_825_an-atlas-of-cells-in-the-human-tonsil/public-anndata_project-324_1___published__de108c2f-4880-4f55-a595-7e9e7db6dac6.TonsilAtlasADATAtoCAPv2.h5ad.json.zip	already_extracted	
621	1487	snRNA-seq of human optic nerve and optic nerve head - oligodendrocytes	https://celltype.info/project/621/dataset/1487	data/cell_annotation_platform/datasets/project_621_dataset_1487_snrna-seq-of-human-optic-nerve-and-optic-nerve-head-oligodendrocytes	data/cell_annotation_platform/datasets/project_621_dataset_1487_snrna-seq-of-human-optic-nerve-and-optic-nerve-head-oligodendrocytes/cap.json	https://storage.googleapis.com/cap-gke-prod-anndata/public-anndata-project_619_1__published__tm8qppU3QLIniR2ieq5KZ_1487.h5ad.json.zip	data/cell_annotation_platform/datasets/project_621_dataset_1487_snrna-seq-of-human-optic-nerve-and-optic-nerve-head-oligodendrocytes/public-anndata-project_619_1__published__tm8qppU3QLIniR2ieq5KZ_1487.h5ad.json.zip	already_extracted	
613	1427	Skin fibroblasts - Pan-disease fibroblast atlas in skin fibrosis, inflammation, and cancer	https://celltype.info/project/613/dataset/1427	data/cell_annotation_platform/datasets/project_613_dataset_1427_skin-fibroblasts-pan-disease-fibroblast-atlas-in-skin-fibrosis-inflammation-and	data/cell_annotation_platform/datasets/project_613_dataset_1427_skin-fibroblasts-pan-disease-fibroblast-atlas-in-skin-fibrosis-inflammation-and/cap.json	https://storage.googleapis.com/cap-gke-prod-anndata/public-anndata-project_375_2__published__T9-wKOYjlVroIWApsssQ9_1427.h5ad.json.zip	data/cell_annotation_platform/datasets/project_613_dataset_1427_skin-fibroblasts-pan-disease-fibroblast-atlas-in-skin-fibrosis-inflammation-and/public-anndata-project_375_2__published__T9-wKOYjlVroIWApsssQ9_1427.h5ad.json.zip	already_extracted	
613	1426	Skin fibroblast scRNA-seq atlas in health	https://celltype.info/project/613/dataset/1426	data/cell_annotation_platform/datasets/project_613_dataset_1426_skin-fibroblast-scrna-seq-atlas-in-health	data/cell_annotation_platform/datasets/project_613_dataset_1426_skin-fibroblast-scrna-seq-atlas-in-health/cap.json			already_extracted	
672	1742	BoneMarrowMap: A Balanced Single-cell Reference Atlas of Human Hematopoiesis	https://celltype.info/project/672/dataset/1742	data/cell_annotation_platform/datasets/project_672_dataset_1742_bonemarrowmap-a-balanced-single-cell-reference-atlas-of-human-hematopoiesis	data/cell_annotation_platform/datasets/project_672_dataset_1742_bonemarrowmap-a-balanced-single-cell-reference-atlas-of-human-hematopoiesis/cap.json	https://storage.googleapis.com/cap-gke-prod-anndata/public-anndata-project_647_1_YgxhP2Rdn2-w0oxI5sWJ0_1742.h5ad.json.zip	data/cell_annotation_platform/datasets/project_672_dataset_1742_bonemarrowmap-a-balanced-single-cell-reference-atlas-of-human-hematopoiesis/public-anndata-project_647_1_YgxhP2Rdn2-w0oxI5sWJ0_1742.h5ad.json.zip	already_extracted	
336	591	AIDA Phase 1 Data Freeze v2: Chinese, Indian, Japanese, Korean, Malay, and Thai donors in Japan, Singapore, South Korea, Thailand, and India	https://celltype.info/project/336/dataset/591	data/cell_annotation_platform/datasets/project_336_dataset_591_aida-phase-1-data-freeze-v2-chinese-indian-japanese-korean-malay-and-thai-donors	data/cell_annotation_platform/datasets/project_336_dataset_591_aida-phase-1-data-freeze-v2-chinese-indian-japanese-korean-malay-and-thai-donors/cap.json	https://storage.googleapis.com/cap-gke-prod-anndata/public-anndata_project-232_1___published__87833b35-f160-46eb-a827-b7593c473084.AIDAv2DataFreezeCT.h5ad.json.zip	data/cell_annotation_platform/datasets/project_336_dataset_591_aida-phase-1-data-freeze-v2-chinese-indian-japanese-korean-malay-and-thai-donors/public-anndata_project-232_1___published__87833b35-f160-46eb-a827-b7593c473084.AIDAv2DataFreezeCT.h5ad.json.zip	already_extracted	
637	1542	HMBA Consensus Basal Ganglia Atlas	https://celltype.info/project/637/dataset/1542	data/cell_annotation_platform/datasets/project_637_dataset_1542_hmba-consensus-basal-ganglia-atlas	data/cell_annotation_platform/datasets/project_637_dataset_1542_hmba-consensus-basal-ganglia-atlas/cap.json	https://storage.googleapis.com/cap-gke-prod-anndata/public-anndata-project_373_1__published__-axTofz6vkkAnehxzu-EB_1542.h5ad.json.zip	data/cell_annotation_platform/datasets/project_637_dataset_1542_hmba-consensus-basal-ganglia-atlas/public-anndata-project_373_1__published__-axTofz6vkkAnehxzu-EB_1542.h5ad.json.zip	already_extracted	
637	1540	HMBA Consensus Basal Ganglia Atlas: Non-neurons	https://celltype.info/project/637/dataset/1540	data/cell_annotation_platform/datasets/project_637_dataset_1540_hmba-consensus-basal-ganglia-atlas-non-neurons	data/cell_annotation_platform/datasets/project_637_dataset_1540_hmba-consensus-basal-ganglia-atlas-non-neurons/cap.json	https://storage.googleapis.com/cap-gke-prod-anndata/public-anndata-project_373_1__published__odSClP7anG-juVZc7rOlG_1540.h5ad.json.zip	data/cell_annotation_platform/datasets/project_637_dataset_1540_hmba-consensus-basal-ganglia-atlas-non-neurons/public-anndata-project_373_1__published__odSClP7anG-juVZc7rOlG_1540.h5ad.json.zip	already_extracted	
637	1541	HMBA Consensus Basal Ganglia Atlas: CN LGE GABA	https://celltype.info/project/637/dataset/1541	data/cell_annotation_platform/datasets/project_637_dataset_1541_hmba-consensus-basal-ganglia-atlas-cn-lge-gaba	data/cell_annotation_platform/datasets/project_637_dataset_1541_hmba-consensus-basal-ganglia-atlas-cn-lge-gaba/cap.json	https://storage.googleapis.com/cap-gke-prod-anndata/public-anndata-project_373_1__published__ZmhK5eoJhLRFcuQNy3MOs_1541.h5ad.json.zip	data/cell_annotation_platform/datasets/project_637_dataset_1541_hmba-consensus-basal-ganglia-atlas-cn-lge-gaba/public-anndata-project_373_1__published__ZmhK5eoJhLRFcuQNy3MOs_1541.h5ad.json.zip	already_extracted	
637	1539	HMBA Consensus Basal Ganglia Atlas: Interneurons	https://celltype.info/project/637/dataset/1539	data/cell_annotation_platform/datasets/project_637_dataset_1539_hmba-consensus-basal-ganglia-atlas-interneurons	data/cell_annotation_platform/datasets/project_637_dataset_1539_hmba-consensus-basal-ganglia-atlas-interneurons/cap.json	https://storage.googleapis.com/cap-gke-prod-anndata/public-anndata-project_373_1__published__9zHyztVj-HLS2q5HpUK-E_1539.h5ad.json.zip	data/cell_annotation_platform/datasets/project_637_dataset_1539_hmba-consensus-basal-ganglia-atlas-interneurons/public-anndata-project_373_1__published__9zHyztVj-HLS2q5HpUK-E_1539.h5ad.json.zip	already_extracted	
637	1538	HMBA Consensus Basal Ganglia Atlas: Dopaminergic	https://celltype.info/project/637/dataset/1538	data/cell_annotation_platform/datasets/project_637_dataset_1538_hmba-consensus-basal-ganglia-atlas-dopaminergic	data/cell_annotation_platform/datasets/project_637_dataset_1538_hmba-consensus-basal-ganglia-atlas-dopaminergic/cap.json	https://storage.googleapis.com/cap-gke-prod-anndata/public-anndata-project_373_1__published__OcTFLBA9kjJyjnugHNhjS_1538.h5ad.json.zip	data/cell_annotation_platform/datasets/project_637_dataset_1538_hmba-consensus-basal-ganglia-atlas-dopaminergic/public-anndata-project_373_1__published__OcTFLBA9kjJyjnugHNhjS_1538.h5ad.json.zip	already_extracted	
789	2186	Human lymph node slices cultured with and without ex vivo stimulation by liposomal TLR4 and QS-21 adjuvant	https://celltype.info/project/789/dataset/2186	data/cell_annotation_platform/datasets/project_789_dataset_2186_human-lymph-node-slices-cultured-with-and-without-ex-vivo-stimulation-by-liposom	data/cell_annotation_platform/datasets/project_789_dataset_2186_human-lymph-node-slices-cultured-with-and-without-ex-vivo-stimulation-by-liposom/cap.json	https://storage.googleapis.com/cap-gke-prod-anndata/public-anndata-project_764_1_P0LEXgHBFTUCA65n3ARuL_2186.h5ad.json.zip	data/cell_annotation_platform/datasets/project_789_dataset_2186_human-lymph-node-slices-cultured-with-and-without-ex-vivo-stimulation-by-liposom/public-anndata-project_764_1_P0LEXgHBFTUCA65n3ARuL_2186.h5ad.json.zip	already_extracted	
789	2185	Human lymph nodes with partial T and B cell depletion	https://celltype.info/project/789/dataset/2185	data/cell_annotation_platform/datasets/project_789_dataset_2185_human-lymph-nodes-with-partial-t-and-b-cell-depletion	data/cell_annotation_platform/datasets/project_789_dataset_2185_human-lymph-nodes-with-partial-t-and-b-cell-depletion/cap.json	https://storage.googleapis.com/cap-gke-prod-anndata/public-anndata-project_764_1_TuiKquBFIPiklr-WT3qan_2185.h5ad.json.zip	data/cell_annotation_platform/datasets/project_789_dataset_2185_human-lymph-nodes-with-partial-t-and-b-cell-depletion/public-anndata-project_764_1_TuiKquBFIPiklr-WT3qan_2185.h5ad.json.zip	already_extracted	
588	1326	Single-nucleus RNA-seq of the Adult Human Kidney (Version 1.5)	https://celltype.info/project/588/dataset/1326	data/cell_annotation_platform/datasets/project_588_dataset_1326_single-nucleus-rna-seq-of-the-adult-human-kidney-version-1-5	data/cell_annotation_platform/datasets/project_588_dataset_1326_single-nucleus-rna-seq-of-the-adult-human-kidney-version-1-5/cap.json	https://storage.googleapis.com/cap-gke-prod-anndata/public-anndata-project_403_1__published__Ke7YFVRF4cMk74pL7_a0k_1326.h5ad.json.zip	data/cell_annotation_platform/datasets/project_588_dataset_1326_single-nucleus-rna-seq-of-the-adult-human-kidney-version-1-5/public-anndata-project_403_1__published__Ke7YFVRF4cMk74pL7_a0k_1326.h5ad.json.zip	already_extracted	
588	1327	Single-cell RNA-seq of the Adult Human Kidney (Version 1.5)	https://celltype.info/project/588/dataset/1327	data/cell_annotation_platform/datasets/project_588_dataset_1327_single-cell-rna-seq-of-the-adult-human-kidney-version-1-5	data/cell_annotation_platform/datasets/project_588_dataset_1327_single-cell-rna-seq-of-the-adult-human-kidney-version-1-5/cap.json	https://storage.googleapis.com/cap-gke-prod-anndata/public-anndata-project_403_1__published__v7LQe_U1e8y2DfIxXooUJ_1327.h5ad.json.zip	data/cell_annotation_platform/datasets/project_588_dataset_1327_single-cell-rna-seq-of-the-adult-human-kidney-version-1-5/public-anndata-project_403_1__published__v7LQe_U1e8y2DfIxXooUJ_1327.h5ad.json.zip	already_extracted	
803	2376	Whole Mouse Brain Taxonomy, Habenula glutamatergic neurons	https://celltype.info/project/803/dataset/2376	data/cell_annotation_platform/datasets/project_803_dataset_2376_whole-mouse-brain-taxonomy-habenula-glutamatergic-neurons	data/cell_annotation_platform/datasets/project_803_dataset_2376_whole-mouse-brain-taxonomy-habenula-glutamatergic-neurons/cap.json	https://storage.googleapis.com/cap-gke-prod-anndata/public-anndata-project_695_2_T0Nhnl5x4_x-7ckAP3QY9_2376.h5ad.json.zip	data/cell_annotation_platform/datasets/project_803_dataset_2376_whole-mouse-brain-taxonomy-habenula-glutamatergic-neurons/public-anndata-project_695_2_T0Nhnl5x4_x-7ckAP3QY9_2376.h5ad.json.zip	already_extracted	
803	2361	Whole Mouse Brain Taxonomy, Medulla neurons	https://celltype.info/project/803/dataset/2361	data/cell_annotation_platform/datasets/project_803_dataset_2361_whole-mouse-brain-taxonomy-medulla-neurons	data/cell_annotation_platform/datasets/project_803_dataset_2361_whole-mouse-brain-taxonomy-medulla-neurons/cap.json	https://storage.googleapis.com/cap-gke-prod-anndata/public-anndata-project_695_2_-8ZQC-ewn5ABxVwThiW_2_2361.h5ad.json.zip	data/cell_annotation_platform/datasets/project_803_dataset_2361_whole-mouse-brain-taxonomy-medulla-neurons/public-anndata-project_695_2_-8ZQC-ewn5ABxVwThiW_2_2361.h5ad.json.zip	already_extracted	
803	2374	Whole Mouse Brain Taxonomy, non_neuronal	https://celltype.info/project/803/dataset/2374	data/cell_annotation_platform/datasets/project_803_dataset_2374_whole-mouse-brain-taxonomy-non-neuronal	data/cell_annotation_platform/datasets/project_803_dataset_2374_whole-mouse-brain-taxonomy-non-neuronal/cap.json	https://storage.googleapis.com/cap-gke-prod-anndata/public-anndata-project_695_2_n0s7K38xVXRaqOHfB9waZ_2374.h5ad.json.zip	data/cell_annotation_platform/datasets/project_803_dataset_2374_whole-mouse-brain-taxonomy-non-neuronal/public-anndata-project_695_2_n0s7K38xVXRaqOHfB9waZ_2374.h5ad.json.zip	already_extracted	
803	2375	Whole Mouse Brain Taxonomy, Midbrain neurons	https://celltype.info/project/803/dataset/2375	data/cell_annotation_platform/datasets/project_803_dataset_2375_whole-mouse-brain-taxonomy-midbrain-neurons	data/cell_annotation_platform/datasets/project_803_dataset_2375_whole-mouse-brain-taxonomy-midbrain-neurons/cap.json	https://storage.googleapis.com/cap-gke-prod-anndata/public-anndata-project_695_2_gX3bWgNdJSk0mT8uBewRv_2375.h5ad.json.zip	data/cell_annotation_platform/datasets/project_803_dataset_2375_whole-mouse-brain-taxonomy-midbrain-neurons/public-anndata-project_695_2_gX3bWgNdJSk0mT8uBewRv_2375.h5ad.json.zip	already_extracted	
803	2370	Whole Mouse Brain Taxonomy, Near and corticothalamic projecting cortical glutamatergic neurons	https://celltype.info/project/803/dataset/2370	data/cell_annotation_platform/datasets/project_803_dataset_2370_whole-mouse-brain-taxonomy-near-and-corticothalamic-projecting-cortical-glutamat	data/cell_annotation_platform/datasets/project_803_dataset_2370_whole-mouse-brain-taxonomy-near-and-corticothalamic-projecting-cortical-glutamat/cap.json	https://storage.googleapis.com/cap-gke-prod-anndata/public-anndata-project_695_2_v6OSYLAACELFKsv6iN2IL_2370.h5ad.json.zip	data/cell_annotation_platform/datasets/project_803_dataset_2370_whole-mouse-brain-taxonomy-near-and-corticothalamic-projecting-cortical-glutamat/public-anndata-project_695_2_v6OSYLAACELFKsv6iN2IL_2370.h5ad.json.zip	already_extracted	
803	2366	Whole Mouse Brain Taxonomy, Lateral septal complex GABAergic neurons	https://celltype.info/project/803/dataset/2366	data/cell_annotation_platform/datasets/project_803_dataset_2366_whole-mouse-brain-taxonomy-lateral-septal-complex-gabaergic-neurons	data/cell_annotation_platform/datasets/project_803_dataset_2366_whole-mouse-brain-taxonomy-lateral-septal-complex-gabaergic-neurons/cap.json	https://storage.googleapis.com/cap-gke-prod-anndata/public-anndata-project_695_2_kpwS2JtylHNAnIc-VSL9X_2366.h5ad.json.zip	data/cell_annotation_platform/datasets/project_803_dataset_2366_whole-mouse-brain-taxonomy-lateral-septal-complex-gabaergic-neurons/public-anndata-project_695_2_kpwS2JtylHNAnIc-VSL9X_2366.h5ad.json.zip	already_extracted	
803	2362	Whole Mouse Brain Taxonomy, Olfactory-bulb/immature GABAergic neurons	https://celltype.info/project/803/dataset/2362	data/cell_annotation_platform/datasets/project_803_dataset_2362_whole-mouse-brain-taxonomy-olfactory-bulb-immature-gabaergic-neurons	data/cell_annotation_platform/datasets/project_803_dataset_2362_whole-mouse-brain-taxonomy-olfactory-bulb-immature-gabaergic-neurons/cap.json	https://storage.googleapis.com/cap-gke-prod-anndata/public-anndata-project_695_2_azCUPK7k4QX6Uqc1_CJqN_2362.h5ad.json.zip	data/cell_annotation_platform/datasets/project_803_dataset_2362_whole-mouse-brain-taxonomy-olfactory-bulb-immature-gabaergic-neurons/public-anndata-project_695_2_azCUPK7k4QX6Uqc1_CJqN_2362.h5ad.json.zip	already_extracted	
803	2369	Whole Mouse Brain Taxonomy, Pallium GABAergic interneurons	https://celltype.info/project/803/dataset/2369	data/cell_annotation_platform/datasets/project_803_dataset_2369_whole-mouse-brain-taxonomy-pallium-gabaergic-interneurons	data/cell_annotation_platform/datasets/project_803_dataset_2369_whole-mouse-brain-taxonomy-pallium-gabaergic-interneurons/cap.json	https://storage.googleapis.com/cap-gke-prod-anndata/public-anndata-project_695_2_4d0DPBkZkVDR-hfayytfE_2369.h5ad.json.zip	data/cell_annotation_platform/datasets/project_803_dataset_2369_whole-mouse-brain-taxonomy-pallium-gabaergic-interneurons/public-anndata-project_695_2_4d0DPBkZkVDR-hfayytfE_2369.h5ad.json.zip	already_extracted	
803	2364	Whole Mouse Brain Taxonomy, Cerebellar neurons	https://celltype.info/project/803/dataset/2364	data/cell_annotation_platform/datasets/project_803_dataset_2364_whole-mouse-brain-taxonomy-cerebellar-neurons	data/cell_annotation_platform/datasets/project_803_dataset_2364_whole-mouse-brain-taxonomy-cerebellar-neurons/cap.json	https://storage.googleapis.com/cap-gke-prod-anndata/public-anndata-project_695_2_4luR3c2YzDGaBGdfqaYIT_2364.h5ad.json.zip	data/cell_annotation_platform/datasets/project_803_dataset_2364_whole-mouse-brain-taxonomy-cerebellar-neurons/public-anndata-project_695_2_4luR3c2YzDGaBGdfqaYIT_2364.h5ad.json.zip	already_extracted	
803	2372	Whole Mouse Brain Taxonomy, Hypothalamic neurons	https://celltype.info/project/803/dataset/2372	data/cell_annotation_platform/datasets/project_803_dataset_2372_whole-mouse-brain-taxonomy-hypothalamic-neurons	data/cell_annotation_platform/datasets/project_803_dataset_2372_whole-mouse-brain-taxonomy-hypothalamic-neurons/cap.json	https://storage.googleapis.com/cap-gke-prod-anndata/public-anndata-project_695_2_mPIcr78RRlA9OeD7VSX0c_2372.h5ad.json.zip	data/cell_annotation_platform/datasets/project_803_dataset_2372_whole-mouse-brain-taxonomy-hypothalamic-neurons/public-anndata-project_695_2_mPIcr78RRlA9OeD7VSX0c_2372.h5ad.json.zip	already_extracted	
803	2365	Whole Mouse Brain Taxonomy, Thalamic excitatory neurons	https://celltype.info/project/803/dataset/2365	data/cell_annotation_platform/datasets/project_803_dataset_2365_whole-mouse-brain-taxonomy-thalamic-excitatory-neurons	data/cell_annotation_platform/datasets/project_803_dataset_2365_whole-mouse-brain-taxonomy-thalamic-excitatory-neurons/cap.json	https://storage.googleapis.com/cap-gke-prod-anndata/public-anndata-project_695_2_URiggbQhij-3ZCkcG79WI_2365.h5ad.json.zip	data/cell_annotation_platform/datasets/project_803_dataset_2365_whole-mouse-brain-taxonomy-thalamic-excitatory-neurons/public-anndata-project_695_2_URiggbQhij-3ZCkcG79WI_2365.h5ad.json.zip	already_extracted	
803	2371	Whole Mouse Brain Taxonomy, Pons neurons	https://celltype.info/project/803/dataset/2371	data/cell_annotation_platform/datasets/project_803_dataset_2371_whole-mouse-brain-taxonomy-pons-neurons	data/cell_annotation_platform/datasets/project_803_dataset_2371_whole-mouse-brain-taxonomy-pons-neurons/cap.json	https://storage.googleapis.com/cap-gke-prod-anndata/public-anndata-project_695_2_Mzco7kISg5AspINQXX7Ln_2371.h5ad.json.zip	data/cell_annotation_platform/datasets/project_803_dataset_2371_whole-mouse-brain-taxonomy-pons-neurons/public-anndata-project_695_2_Mzco7kISg5AspINQXX7Ln_2371.h5ad.json.zip	already_extracted	
803	2373	Whole Mouse Brain Taxonomy, Dentate-Gyrus /immature glutamatergic neurons	https://celltype.info/project/803/dataset/2373	data/cell_annotation_platform/datasets/project_803_dataset_2373_whole-mouse-brain-taxonomy-dentate-gyrus-immature-glutamatergic-neurons	data/cell_annotation_platform/datasets/project_803_dataset_2373_whole-mouse-brain-taxonomy-dentate-gyrus-immature-glutamatergic-neurons/cap.json	https://storage.googleapis.com/cap-gke-prod-anndata/public-anndata-project_695_2_23m4VqZmg-FgXvtOPiE8G_2373.h5ad.json.zip	data/cell_annotation_platform/datasets/project_803_dataset_2373_whole-mouse-brain-taxonomy-dentate-gyrus-immature-glutamatergic-neurons/public-anndata-project_695_2_23m4VqZmg-FgXvtOPiE8G_2373.h5ad.json.zip	already_extracted	
803	2367	Whole Mouse Brain Taxonomy, Cerebral nuclei neurons	https://celltype.info/project/803/dataset/2367	data/cell_annotation_platform/datasets/project_803_dataset_2367_whole-mouse-brain-taxonomy-cerebral-nuclei-neurons	data/cell_annotation_platform/datasets/project_803_dataset_2367_whole-mouse-brain-taxonomy-cerebral-nuclei-neurons/cap.json	https://storage.googleapis.com/cap-gke-prod-anndata/public-anndata-project_695_2_jR11tfKk2AYqlLvF512gJ_2367.h5ad.json.zip	data/cell_annotation_platform/datasets/project_803_dataset_2367_whole-mouse-brain-taxonomy-cerebral-nuclei-neurons/public-anndata-project_695_2_jR11tfKk2AYqlLvF512gJ_2367.h5ad.json.zip	already_extracted	
803	2368	Whole Mouse Brain Taxonomy, Intra-and extratelencephalic projecting cortical glutamatergic neurons	https://celltype.info/project/803/dataset/2368	data/cell_annotation_platform/datasets/project_803_dataset_2368_whole-mouse-brain-taxonomy-intra-and-extratelencephalic-projecting-cortical-glut	data/cell_annotation_platform/datasets/project_803_dataset_2368_whole-mouse-brain-taxonomy-intra-and-extratelencephalic-projecting-cortical-glut/cap.json	https://storage.googleapis.com/cap-gke-prod-anndata/public-anndata-project_695_2_vRUX8aNTXbj6VAs5JQkiJ_2368.h5ad.json.zip	data/cell_annotation_platform/datasets/project_803_dataset_2368_whole-mouse-brain-taxonomy-intra-and-extratelencephalic-projecting-cortical-glut/public-anndata-project_695_2_vRUX8aNTXbj6VAs5JQkiJ_2368.h5ad.json.zip	already_extracted	
803	2363	Whole Mouse Brain Taxonomy, Olfactory bulb and Cajal Retzius neurons	https://celltype.info/project/803/dataset/2363	data/cell_annotation_platform/datasets/project_803_dataset_2363_whole-mouse-brain-taxonomy-olfactory-bulb-and-cajal-retzius-neurons	data/cell_annotation_platform/datasets/project_803_dataset_2363_whole-mouse-brain-taxonomy-olfactory-bulb-and-cajal-retzius-neurons/cap.json	https://storage.googleapis.com/cap-gke-prod-anndata/public-anndata-project_695_2_1Nr0gJmlcW4-N6Iz2BSGR_2363.h5ad.json.zip	data/cell_annotation_platform/datasets/project_803_dataset_2363_whole-mouse-brain-taxonomy-olfactory-bulb-and-cajal-retzius-neurons/public-anndata-project_695_2_1Nr0gJmlcW4-N6Iz2BSGR_2363.h5ad.json.zip	already_extracted	
618	1437	All cells from human liver dataset	https://celltype.info/project/618/dataset/1437	data/cell_annotation_platform/datasets/project_618_dataset_1437_all-cells-from-human-liver-dataset	data/cell_annotation_platform/datasets/project_618_dataset_1437_all-cells-from-human-liver-dataset/cap.json	https://storage.googleapis.com/cap-gke-prod-anndata/public-anndata-project_569_1__published__-iEDNQN_ll_FzAv9xecdC_1437.h5ad.json.zip	data/cell_annotation_platform/datasets/project_618_dataset_1437_all-cells-from-human-liver-dataset/public-anndata-project_569_1__published__-iEDNQN_ll_FzAv9xecdC_1437.h5ad.json.zip	already_extracted	
861	2708	Reinisch MHUO 2025 — abdominal visceral adipose tissue	https://celltype.info/project/861/dataset/2708	data/cell_annotation_platform/datasets/project_861_dataset_2708_reinisch-mhuo-2025-abdominal-visceral-adipose-tissue	data/cell_annotation_platform/datasets/project_861_dataset_2708_reinisch-mhuo-2025-abdominal-visceral-adipose-tissue/cap.json	https://storage.googleapis.com/cap-gke-prod-anndata/public-anndata-project_811_1_r8JmyAaL70mE4OuPsgJV0_2708.h5ad.json.zip	data/cell_annotation_platform/datasets/project_861_dataset_2708_reinisch-mhuo-2025-abdominal-visceral-adipose-tissue/public-anndata-project_811_1_r8JmyAaL70mE4OuPsgJV0_2708.h5ad.json.zip	already_extracted	
861	2709	Reinisch MHUO 2025 — abdominal subcutaneous adipose tissue	https://celltype.info/project/861/dataset/2709	data/cell_annotation_platform/datasets/project_861_dataset_2709_reinisch-mhuo-2025-abdominal-subcutaneous-adipose-tissue	data/cell_annotation_platform/datasets/project_861_dataset_2709_reinisch-mhuo-2025-abdominal-subcutaneous-adipose-tissue/cap.json	https://storage.googleapis.com/cap-gke-prod-anndata/public-anndata-project_811_1_wxB4k6AaYu1fB0G9xeCJ0_2709.h5ad.json.zip	data/cell_annotation_platform/datasets/project_861_dataset_2709_reinisch-mhuo-2025-abdominal-subcutaneous-adipose-tissue/public-anndata-project_811_1_wxB4k6AaYu1fB0G9xeCJ0_2709.h5ad.json.zip	already_extracted	
861	2710	Reinisch MHNO 2025 — abdominal subcutaneous adipose tissue	https://celltype.info/project/861/dataset/2710	data/cell_annotation_platform/datasets/project_861_dataset_2710_reinisch-mhno-2025-abdominal-subcutaneous-adipose-tissue	data/cell_annotation_platform/datasets/project_861_dataset_2710_reinisch-mhno-2025-abdominal-subcutaneous-adipose-tissue/cap.json	https://storage.googleapis.com/cap-gke-prod-anndata/public-anndata-project_811_1_4avpAEixnCd626hd4asAJ_2710.h5ad.json.zip	data/cell_annotation_platform/datasets/project_861_dataset_2710_reinisch-mhno-2025-abdominal-subcutaneous-adipose-tissue/public-anndata-project_811_1_4avpAEixnCd626hd4asAJ_2710.h5ad.json.zip	already_extracted	
861	2711	Reinisch MHNO 2025 — abdominal visceral adipose tissue	https://celltype.info/project/861/dataset/2711	data/cell_annotation_platform/datasets/project_861_dataset_2711_reinisch-mhno-2025-abdominal-visceral-adipose-tissue	data/cell_annotation_platform/datasets/project_861_dataset_2711_reinisch-mhno-2025-abdominal-visceral-adipose-tissue/cap.json	https://storage.googleapis.com/cap-gke-prod-anndata/public-anndata-project_811_1_cEQBuqAraHBmrdvgaogq1_2711.h5ad.json.zip	data/cell_annotation_platform/datasets/project_861_dataset_2711_reinisch-mhno-2025-abdominal-visceral-adipose-tissue/public-anndata-project_811_1_cEQBuqAraHBmrdvgaogq1_2711.h5ad.json.zip	already_extracted	
862	2712	Hinte NEFA 2024 — abdominal subcutaneous adipose tissue	https://celltype.info/project/862/dataset/2712	data/cell_annotation_platform/datasets/project_862_dataset_2712_hinte-nefa-2024-abdominal-subcutaneous-adipose-tissue	data/cell_annotation_platform/datasets/project_862_dataset_2712_hinte-nefa-2024-abdominal-subcutaneous-adipose-tissue/cap.json	https://storage.googleapis.com/cap-gke-prod-anndata/public-anndata-project_808_1_Q3PvkKTM3jRZ5PwTYCK1N_2712.h5ad.json.zip	data/cell_annotation_platform/datasets/project_862_dataset_2712_hinte-nefa-2024-abdominal-subcutaneous-adipose-tissue/public-anndata-project_808_1_Q3PvkKTM3jRZ5PwTYCK1N_2712.h5ad.json.zip	already_extracted	
862	2713	Hinte LTSS 2024 — abdominal visceral adipose tissue	https://celltype.info/project/862/dataset/2713	data/cell_annotation_platform/datasets/project_862_dataset_2713_hinte-ltss-2024-abdominal-visceral-adipose-tissue	data/cell_annotation_platform/datasets/project_862_dataset_2713_hinte-ltss-2024-abdominal-visceral-adipose-tissue/cap.json	https://storage.googleapis.com/cap-gke-prod-anndata/public-anndata-project_808_1_YJbImSL9HDLcvcQ_BRm7X_2713.h5ad.json.zip	data/cell_annotation_platform/datasets/project_862_dataset_2713_hinte-ltss-2024-abdominal-visceral-adipose-tissue/public-anndata-project_808_1_YJbImSL9HDLcvcQ_BRm7X_2713.h5ad.json.zip	already_extracted	
862	2714	Hinte MTSS 2024 — abdominal visceral adipose tissue	https://celltype.info/project/862/dataset/2714	data/cell_annotation_platform/datasets/project_862_dataset_2714_hinte-mtss-2024-abdominal-visceral-adipose-tissue	data/cell_annotation_platform/datasets/project_862_dataset_2714_hinte-mtss-2024-abdominal-visceral-adipose-tissue/cap.json	https://storage.googleapis.com/cap-gke-prod-anndata/public-anndata-project_808_1_kYhpXvu3sSUacItwb1Bvg_2714.h5ad.json.zip	data/cell_annotation_platform/datasets/project_862_dataset_2714_hinte-mtss-2024-abdominal-visceral-adipose-tissue/public-anndata-project_808_1_kYhpXvu3sSUacItwb1Bvg_2714.h5ad.json.zip	already_extracted	
862	2715	Hinte LTSS 2024 — abdominal subcutaneous adipose tissue	https://celltype.info/project/862/dataset/2715	data/cell_annotation_platform/datasets/project_862_dataset_2715_hinte-ltss-2024-abdominal-subcutaneous-adipose-tissue	data/cell_annotation_platform/datasets/project_862_dataset_2715_hinte-ltss-2024-abdominal-subcutaneous-adipose-tissue/cap.json	https://storage.googleapis.com/cap-gke-prod-anndata/public-anndata-project_808_1_iW9dvkOQXAmG6uJxa57fy_2715.h5ad.json.zip	data/cell_annotation_platform/datasets/project_862_dataset_2715_hinte-ltss-2024-abdominal-subcutaneous-adipose-tissue/public-anndata-project_808_1_iW9dvkOQXAmG6uJxa57fy_2715.h5ad.json.zip	already_extracted	
872	2739	Lazarescu 2025 — abdominal visceral adipose tissue	https://celltype.info/project/872/dataset/2739	data/cell_annotation_platform/datasets/project_872_dataset_2739_lazarescu-2025-abdominal-visceral-adipose-tissue	data/cell_annotation_platform/datasets/project_872_dataset_2739_lazarescu-2025-abdominal-visceral-adipose-tissue/cap.json	https://storage.googleapis.com/cap-gke-prod-anndata/public-anndata-project_809_1_HAf4CRHG0LwgV_0hzAYk9_2739.h5ad.json.zip	data/cell_annotation_platform/datasets/project_872_dataset_2739_lazarescu-2025-abdominal-visceral-adipose-tissue/public-anndata-project_809_1_HAf4CRHG0LwgV_0hzAYk9_2739.h5ad.json.zip	already_extracted	
872	2740	Lazarescu 2025 — abdominal subcutaneous adipose tissue	https://celltype.info/project/872/dataset/2740	data/cell_annotation_platform/datasets/project_872_dataset_2740_lazarescu-2025-abdominal-subcutaneous-adipose-tissue	data/cell_annotation_platform/datasets/project_872_dataset_2740_lazarescu-2025-abdominal-subcutaneous-adipose-tissue/cap.json	https://storage.googleapis.com/cap-gke-prod-anndata/public-anndata-project_809_1_TFomjfdPk2H0V2yuUIXn2_2740.h5ad.json.zip	data/cell_annotation_platform/datasets/project_872_dataset_2740_lazarescu-2025-abdominal-subcutaneous-adipose-tissue/public-anndata-project_809_1_TFomjfdPk2H0V2yuUIXn2_2740.h5ad.json.zip	already_extracted	
871	2738	Single-nucleus transcriptomic profiling of human skeletal muscle from healthy adults	https://celltype.info/project/871/dataset/2738	data/cell_annotation_platform/datasets/project_871_dataset_2738_single-nucleus-transcriptomic-profiling-of-human-skeletal-muscle-from-healthy-ad				not_found	
868	2726	Massier 2023 — abdominal subcutaneous and omental adipose tissue	https://celltype.info/project/868/dataset/2726	data/cell_annotation_platform/datasets/project_868_dataset_2726_massier-2023-abdominal-subcutaneous-and-omental-adipose-tissue	data/cell_annotation_platform/datasets/project_868_dataset_2726_massier-2023-abdominal-subcutaneous-and-omental-adipose-tissue/cap.json	https://storage.googleapis.com/cap-gke-prod-anndata/public-anndata-project_810_1_q-25Z8gwdOHh2t5Nvv7mm_2726.h5ad.json.zip	data/cell_annotation_platform/datasets/project_868_dataset_2726_massier-2023-abdominal-subcutaneous-and-omental-adipose-tissue/public-anndata-project_810_1_q-25Z8gwdOHh2t5Nvv7mm_2726.h5ad.json.zip	already_extracted	
609	1408	Cross-species Spinal Cord Atlas: GABAergic	https://celltype.info/project/609/dataset/1408	data/cell_annotation_platform/datasets/project_609_dataset_1408_cross-species-spinal-cord-atlas-gabaergic	data/cell_annotation_platform/datasets/project_609_dataset_1408_cross-species-spinal-cord-atlas-gabaergic/cap.json	https://storage.googleapis.com/cap-gke-prod-anndata/public-anndata-project_598_2__published__gpyZi7GqA8dwdwXtEE2EZ_1408.h5ad.json.zip	data/cell_annotation_platform/datasets/project_609_dataset_1408_cross-species-spinal-cord-atlas-gabaergic/public-anndata-project_598_2__published__gpyZi7GqA8dwdwXtEE2EZ_1408.h5ad.json.zip	already_extracted	
895	2828	Emont 2022 — abdominal subcutaneous and visceral adipose tissue	https://celltype.info/project/895/dataset/2828	data/cell_annotation_platform/datasets/project_895_dataset_2828_emont-2022-abdominal-subcutaneous-and-visceral-adipose-tissue	data/cell_annotation_platform/datasets/project_895_dataset_2828_emont-2022-abdominal-subcutaneous-and-visceral-adipose-tissue/cap.json	https://storage.googleapis.com/cap-gke-prod-anndata/public-anndata-project_233_1_aSocDaLx-GKkQDd2csV26_2828.h5ad.json.zip	data/cell_annotation_platform/datasets/project_895_dataset_2828_emont-2022-abdominal-subcutaneous-and-visceral-adipose-tissue/public-anndata-project_233_1_aSocDaLx-GKkQDd2csV26_2828.h5ad.json.zip	already_extracted	
885	2789	Single-nucleus RNA-seq of Asian Skeletal Muscle Reveals Ancestry-specific Regulatory Programs Across Metabolic States	https://celltype.info/project/885/dataset/2789	data/cell_annotation_platform/datasets/project_885_dataset_2789_single-nucleus-rna-seq-of-asian-skeletal-muscle-reveals-ancestry-specific-regula	data/cell_annotation_platform/datasets/project_885_dataset_2789_single-nucleus-rna-seq-of-asian-skeletal-muscle-reveals-ancestry-specific-regula/cap.json	https://storage.googleapis.com/cap-gke-prod-anndata/public-anndata-project_840_1_pUaI2Brfc7bDSd1DIErrQ_2789.h5ad.json.zip	data/cell_annotation_platform/datasets/project_885_dataset_2789_single-nucleus-rna-seq-of-asian-skeletal-muscle-reveals-ancestry-specific-regula/public-anndata-project_840_1_pUaI2Brfc7bDSd1DIErrQ_2789.h5ad.json.zip	already_extracted	
900	2842	Single-nucleus transcriptomic profiling of human skeletal muscle from healthy adults	https://celltype.info/project/900/dataset/2842	data/cell_annotation_platform/datasets/project_900_dataset_2842_single-nucleus-transcriptomic-profiling-of-human-skeletal-muscle-from-healthy-ad				not_found	
909	2913	snRNAseq on trained and untrained human skeletal muscle from healthy donors	https://celltype.info/project/909/dataset/2913	data/cell_annotation_platform/datasets/project_909_dataset_2913_snrnaseq-on-trained-and-untrained-human-skeletal-muscle-from-healthy-donors	data/cell_annotation_platform/datasets/project_909_dataset_2913_snrnaseq-on-trained-and-untrained-human-skeletal-muscle-from-healthy-donors/cap.json	https://storage.googleapis.com/cap-gke-prod-anndata/public-anndata-project_835_2_iZ2uXyFrBDOyADd_XEjkj_2913.h5ad.json.zip	data/cell_annotation_platform/datasets/project_909_dataset_2913_snrnaseq-on-trained-and-untrained-human-skeletal-muscle-from-healthy-donors/public-anndata-project_835_2_iZ2uXyFrBDOyADd_XEjkj_2913.h5ad.json.zip	already_extracted	
915	2926	Human intercostal skeletal muscle aging atlas (scRNA-seq and snRNA-seq, young vs aged)	https://celltype.info/project/915/dataset/2926	data/cell_annotation_platform/datasets/project_915_dataset_2926_human-intercostal-skeletal-muscle-aging-atlas-scrna-seq-and-snrna-seq-young-vs-a	data/cell_annotation_platform/datasets/project_915_dataset_2926_human-intercostal-skeletal-muscle-aging-atlas-scrna-seq-and-snrna-seq-young-vs-a/cap.json	https://storage.googleapis.com/cap-gke-prod-anndata/public-anndata-project_837_1__Nz0-2moaEecqRkyKEbXz_2926.h5ad.json.zip	data/cell_annotation_platform/datasets/project_915_dataset_2926_human-intercostal-skeletal-muscle-aging-atlas-scrna-seq-and-snrna-seq-young-vs-a/public-anndata-project_837_1__Nz0-2moaEecqRkyKEbXz_2926.h5ad.json.zip	already_extracted	
927	2980	Subcutaneous, omental, mesenteric, mesocolic, and epiploic adipose tissue (Jalkanen et al., 2026, Cell Met)	https://celltype.info/project/927/dataset/2980	data/cell_annotation_platform/datasets/project_927_dataset_2980_subcutaneous-omental-mesenteric-mesocolic-and-epiploic-adipose-tissue-jalkanen-e	data/cell_annotation_platform/datasets/project_927_dataset_2980_subcutaneous-omental-mesenteric-mesocolic-and-epiploic-adipose-tissue-jalkanen-e/cap.json	https://storage.googleapis.com/cap-gke-prod-anndata/public-anndata-project_830_2_nwZJZBFM0Mr9qRxv7JiQs_2980.h5ad.json.zip	data/cell_annotation_platform/datasets/project_927_dataset_2980_subcutaneous-omental-mesenteric-mesocolic-and-epiploic-adipose-tissue-jalkanen-e/public-anndata-project_830_2_nwZJZBFM0Mr9qRxv7JiQs_2980.h5ad.json.zip	already_extracted	
928	2981	Abdominal subcutaneous adipose tissue (Loft et al., 2026, Nature Met)	https://celltype.info/project/928/dataset/2981	data/cell_annotation_platform/datasets/project_928_dataset_2981_abdominal-subcutaneous-adipose-tissue-loft-et-al-2026-nature-met	data/cell_annotation_platform/datasets/project_928_dataset_2981_abdominal-subcutaneous-adipose-tissue-loft-et-al-2026-nature-met/cap.json	https://storage.googleapis.com/cap-gke-prod-anndata/public-anndata-project_829_2_Nrh40XpSJ6iU9Td_aRmHG_2981.h5ad.json.zip	data/cell_annotation_platform/datasets/project_928_dataset_2981_abdominal-subcutaneous-adipose-tissue-loft-et-al-2026-nature-met/public-anndata-project_829_2_Nrh40XpSJ6iU9Td_aRmHG_2981.h5ad.json.zip	already_extracted	
544	1154	snRNA-seq of human retina - bipolar cell subset	https://celltype.info/project/544/dataset/1154	data/cell_annotation_platform/datasets/project_544_dataset_1154_snrna-seq-of-human-retina-bipolar-cell-subset	data/cell_annotation_platform/datasets/project_544_dataset_1154_snrna-seq-of-human-retina-bipolar-cell-subset/cap.json	https://storage.googleapis.com/cap-gke-prod-anndata/public-anndata_project-231_4___published__274551f8-23c7-415a-9ee4-d52d29b0e474.bipolar.h5ad.json.zip	data/cell_annotation_platform/datasets/project_544_dataset_1154_snrna-seq-of-human-retina-bipolar-cell-subset/public-anndata_project-231_4___published__274551f8-23c7-415a-9ee4-d52d29b0e474.bipolar.h5ad.json.zip	already_extracted	
544	1156	snRNA-seq of human retina - all cells	https://celltype.info/project/544/dataset/1156	data/cell_annotation_platform/datasets/project_544_dataset_1156_snrna-seq-of-human-retina-all-cells	data/cell_annotation_platform/datasets/project_544_dataset_1156_snrna-seq-of-human-retina-all-cells/cap.json	https://storage.googleapis.com/cap-gke-prod-anndata/public-anndata_project-231_4___published__9988be52-a4dd-494a-97bd-7227fc3b773f.all-cells.h5ad.json.zip	data/cell_annotation_platform/datasets/project_544_dataset_1156_snrna-seq-of-human-retina-all-cells/public-anndata_project-231_4___published__9988be52-a4dd-494a-97bd-7227fc3b773f.all-cells.h5ad.json.zip	already_extracted	
544	1152	Single cell atlas of the human retina - all cells - scRNA-seq	https://celltype.info/project/544/dataset/1152	data/cell_annotation_platform/datasets/project_544_dataset_1152_single-cell-atlas-of-the-human-retina-all-cells-scrna-seq	data/cell_annotation_platform/datasets/project_544_dataset_1152_single-cell-atlas-of-the-human-retina-all-cells-scrna-seq/cap.json	https://storage.googleapis.com/cap-gke-prod-anndata/public-anndata_project-231_4___published__2a824773-be8a-4d6c-98a2-2a4a617ec46f.scRNA-seqHumanRetina-allCells.h5ad.json.zip	data/cell_annotation_platform/datasets/project_544_dataset_1152_single-cell-atlas-of-the-human-retina-all-cells-scrna-seq/public-anndata_project-231_4___published__2a824773-be8a-4d6c-98a2-2a4a617ec46f.scRNA-seqHumanRetina-allCells.h5ad.json.zip	already_extracted	
544	1157	Single cell atlas of the human retina - Bipolar cell subclass - scRNA-seq	https://celltype.info/project/544/dataset/1157	data/cell_annotation_platform/datasets/project_544_dataset_1157_single-cell-atlas-of-the-human-retina-bipolar-cell-subclass-scrna-seq	data/cell_annotation_platform/datasets/project_544_dataset_1157_single-cell-atlas-of-the-human-retina-bipolar-cell-subclass-scrna-seq/cap.json	https://storage.googleapis.com/cap-gke-prod-anndata/public-anndata_project-231_4___published__8e48bdc5-fb51-4145-beef-a86758dccf76.scRNA-seqHumanRetina-bipolarCellSubclass.h5ad.json.zip	data/cell_annotation_platform/datasets/project_544_dataset_1157_single-cell-atlas-of-the-human-retina-bipolar-cell-subclass-scrna-seq/public-anndata_project-231_4___published__8e48bdc5-fb51-4145-beef-a86758dccf76.scRNA-seqHumanRetina-bipolarCellSubclass.h5ad.json.zip	already_extracted	
544	1155	snRNA-seq of human retina - amacrine cell subset	https://celltype.info/project/544/dataset/1155	data/cell_annotation_platform/datasets/project_544_dataset_1155_snrna-seq-of-human-retina-amacrine-cell-subset	data/cell_annotation_platform/datasets/project_544_dataset_1155_snrna-seq-of-human-retina-amacrine-cell-subset/cap.json	https://storage.googleapis.com/cap-gke-prod-anndata/public-anndata_project-231_4___published__84d16e6a-22eb-423c-b3a1-d7d8a0f3fb29.amacrine.h5ad.json.zip	data/cell_annotation_platform/datasets/project_544_dataset_1155_snrna-seq-of-human-retina-amacrine-cell-subset/public-anndata_project-231_4___published__84d16e6a-22eb-423c-b3a1-d7d8a0f3fb29.amacrine.h5ad.json.zip	already_extracted	
544	1153	snRNA-seq of human retina - retinal ganglion cell subset	https://celltype.info/project/544/dataset/1153	data/cell_annotation_platform/datasets/project_544_dataset_1153_snrna-seq-of-human-retina-retinal-ganglion-cell-subset	data/cell_annotation_platform/datasets/project_544_dataset_1153_snrna-seq-of-human-retina-retinal-ganglion-cell-subset/cap.json	https://storage.googleapis.com/cap-gke-prod-anndata/public-anndata_project-231_4___published__b0641f28-2da3-40fa-bd54-7c503042b87a.ganglion.h5ad.json.zip	data/cell_annotation_platform/datasets/project_544_dataset_1153_snrna-seq-of-human-retina-retinal-ganglion-cell-subset/public-anndata_project-231_4___published__b0641f28-2da3-40fa-bd54-7c503042b87a.ganglion.h5ad.json.zip	already_extracted	
574	1241	Single cell atlas of the human trabecular meshwork and ciliary body - snRNA-seq	https://celltype.info/project/574/dataset/1241	data/cell_annotation_platform/datasets/project_574_dataset_1241_single-cell-atlas-of-the-human-trabecular-meshwork-and-ciliary-body-snrna-seq	data/cell_annotation_platform/datasets/project_574_dataset_1241_single-cell-atlas-of-the-human-trabecular-meshwork-and-ciliary-body-snrna-seq/cap.json	https://storage.googleapis.com/cap-gke-prod-anndata/public-anndata_project-557_2___published__ddd9b7c6-90cd-4370-b047-012f93d58803.snRNA-seq-trabecular-ciliaryCAM.h5ad.json.zip	data/cell_annotation_platform/datasets/project_574_dataset_1241_single-cell-atlas-of-the-human-trabecular-meshwork-and-ciliary-body-snrna-seq/public-anndata_project-557_2___published__ddd9b7c6-90cd-4370-b047-012f93d58803.snRNA-seq-trabecular-ciliaryCAM.h5ad.json.zip	already_extracted	
574	1242	Single cell atlas of the human trabecular meshwork and ciliary body - scRNA-seq	https://celltype.info/project/574/dataset/1242	data/cell_annotation_platform/datasets/project_574_dataset_1242_single-cell-atlas-of-the-human-trabecular-meshwork-and-ciliary-body-scrna-seq	data/cell_annotation_platform/datasets/project_574_dataset_1242_single-cell-atlas-of-the-human-trabecular-meshwork-and-ciliary-body-scrna-seq/cap.json	https://storage.googleapis.com/cap-gke-prod-anndata/public-anndata_project-557_2___published__372aa883-47b3-446d-ac80-6426ec2fdcae.scRNA-seq-trabecular-ciliaryCAM.h5ad.json.zip	data/cell_annotation_platform/datasets/project_574_dataset_1242_single-cell-atlas-of-the-human-trabecular-meshwork-and-ciliary-body-scrna-seq/public-anndata_project-557_2___published__372aa883-47b3-446d-ac80-6426ec2fdcae.scRNA-seq-trabecular-ciliaryCAM.h5ad.json.zip	already_extracted	
604	1375	human lung organoid cell atlas	https://celltype.info/project/604/dataset/1375	data/cell_annotation_platform/datasets/project_604_dataset_1375_human-lung-organoid-cell-atlas	data/cell_annotation_platform/datasets/project_604_dataset_1375_human-lung-organoid-cell-atlas/cap.json	https://storage.googleapis.com/cap-gke-prod-anndata/public-anndata-project_587_1__published__4fM3-x3CJPfHA8yiCcNl0_1375.h5ad.json.zip	data/cell_annotation_platform/datasets/project_604_dataset_1375_human-lung-organoid-cell-atlas/public-anndata-project_587_1__published__4fM3-x3CJPfHA8yiCcNl0_1375.h5ad.json.zip	already_extracted	
604	1374	human endoderm organoid cell atlas	https://celltype.info/project/604/dataset/1374	data/cell_annotation_platform/datasets/project_604_dataset_1374_human-endoderm-organoid-cell-atlas	data/cell_annotation_platform/datasets/project_604_dataset_1374_human-endoderm-organoid-cell-atlas/cap.json	https://storage.googleapis.com/cap-gke-prod-anndata/public-anndata-project_587_1__published__jybvwmEY4RQ003NbKiXss_1374.h5ad.json.zip	data/cell_annotation_platform/datasets/project_604_dataset_1374_human-endoderm-organoid-cell-atlas/public-anndata-project_587_1__published__jybvwmEY4RQ003NbKiXss_1374.h5ad.json.zip	already_extracted	
604	1373	human intestine organoid cell atlas	https://celltype.info/project/604/dataset/1373	data/cell_annotation_platform/datasets/project_604_dataset_1373_human-intestine-organoid-cell-atlas	data/cell_annotation_platform/datasets/project_604_dataset_1373_human-intestine-organoid-cell-atlas/cap.json	https://storage.googleapis.com/cap-gke-prod-anndata/public-anndata-project_587_1__published__pfrzlrcbarilZn_gWW7hl_1373.h5ad.json.zip	data/cell_annotation_platform/datasets/project_604_dataset_1373_human-intestine-organoid-cell-atlas/public-anndata-project_587_1__published__pfrzlrcbarilZn_gWW7hl_1373.h5ad.json.zip	already_extracted	
580	1265	The Human Neural Organoid Atlas	https://celltype.info/project/580/dataset/1265	data/cell_annotation_platform/datasets/project_580_dataset_1265_the-human-neural-organoid-atlas	data/cell_annotation_platform/datasets/project_580_dataset_1265_the-human-neural-organoid-atlas/cap.json	https://storage.googleapis.com/cap-gke-prod-anndata/public-anndata-project_570_1__published__cKUH0kM97x2oczRNPkqvk_1265.h5ad.json.zip	data/cell_annotation_platform/datasets/project_580_dataset_1265_the-human-neural-organoid-atlas/public-anndata-project_570_1__published__cKUH0kM97x2oczRNPkqvk_1265.h5ad.json.zip	already_extracted	
621	1490	snRNA-seq of human optic nerve and optic nerve head - endothelial cells	https://celltype.info/project/621/dataset/1490	data/cell_annotation_platform/datasets/project_621_dataset_1490_snrna-seq-of-human-optic-nerve-and-optic-nerve-head-endothelial-cells	data/cell_annotation_platform/datasets/project_621_dataset_1490_snrna-seq-of-human-optic-nerve-and-optic-nerve-head-endothelial-cells/cap.json	https://storage.googleapis.com/cap-gke-prod-anndata/public-anndata-project_619_1__published__VMzab2-e7biA0rBR9p0VW_1490.h5ad.json.zip	data/cell_annotation_platform/datasets/project_621_dataset_1490_snrna-seq-of-human-optic-nerve-and-optic-nerve-head-endothelial-cells/public-anndata-project_619_1__published__VMzab2-e7biA0rBR9p0VW_1490.h5ad.json.zip	already_extracted	
621	1489	snRNA-seq of human optic nerve and optic nerve head - all cells	https://celltype.info/project/621/dataset/1489	data/cell_annotation_platform/datasets/project_621_dataset_1489_snrna-seq-of-human-optic-nerve-and-optic-nerve-head-all-cells	data/cell_annotation_platform/datasets/project_621_dataset_1489_snrna-seq-of-human-optic-nerve-and-optic-nerve-head-all-cells/cap.json	https://storage.googleapis.com/cap-gke-prod-anndata/public-anndata-project_619_1__published__Uj8bwcwCJyxEuHyfObTon_1489.h5ad.json.zip	data/cell_annotation_platform/datasets/project_621_dataset_1489_snrna-seq-of-human-optic-nerve-and-optic-nerve-head-all-cells/public-anndata-project_619_1__published__Uj8bwcwCJyxEuHyfObTon_1489.h5ad.json.zip	already_extracted	
565	1209	Single Cell Atlas of Human Ocular Surface snRNA-seq: Cornea, Limbus, Sclera	https://celltype.info/project/565/dataset/1209	data/cell_annotation_platform/datasets/project_565_dataset_1209_single-cell-atlas-of-human-ocular-surface-snrna-seq-cornea-limbus-sclera	data/cell_annotation_platform/datasets/project_565_dataset_1209_single-cell-atlas-of-human-ocular-surface-snrna-seq-cornea-limbus-sclera/cap.json	https://storage.googleapis.com/cap-gke-prod-anndata/public-anndata_project-564_1___published__f709f014-8d0f-4d02-85aa-ae3a2b4c0824.snRNA-seq-of-human-ocular-surface-cornea-limbus-scleraCAM.h5ad.json.zip	data/cell_annotation_platform/datasets/project_565_dataset_1209_single-cell-atlas-of-human-ocular-surface-snrna-seq-cornea-limbus-sclera/public-anndata_project-564_1___published__f709f014-8d0f-4d02-85aa-ae3a2b4c0824.snRNA-seq-of-human-ocular-surface-cornea-limbus-scleraCAM.h5ad.json.zip	already_extracted	
565	1208	Single Cell Atlas of Human Ocular Surface scRNA-seq: Cornea, Limbus, Sclera	https://celltype.info/project/565/dataset/1208	data/cell_annotation_platform/datasets/project_565_dataset_1208_single-cell-atlas-of-human-ocular-surface-scrna-seq-cornea-limbus-sclera	data/cell_annotation_platform/datasets/project_565_dataset_1208_single-cell-atlas-of-human-ocular-surface-scrna-seq-cornea-limbus-sclera/cap.json	https://storage.googleapis.com/cap-gke-prod-anndata/public-anndata_project-564_1___published__ba48443a-e855-4d25-bf47-b30f29fa1bb0.scRNA-seq-of-human-ocular-surface-cornea-limbus-scleraCAM.h5ad.json.zip	data/cell_annotation_platform/datasets/project_565_dataset_1208_single-cell-atlas-of-human-ocular-surface-scrna-seq-cornea-limbus-sclera/public-anndata_project-564_1___published__ba48443a-e855-4d25-bf47-b30f29fa1bb0.scRNA-seq-of-human-ocular-surface-cornea-limbus-scleraCAM.h5ad.json.zip	already_extracted	
621	1491	snRNA-seq of human optic nerve and optic nerve head - fibroblasts	https://celltype.info/project/621/dataset/1491	data/cell_annotation_platform/datasets/project_621_dataset_1491_snrna-seq-of-human-optic-nerve-and-optic-nerve-head-fibroblasts	data/cell_annotation_platform/datasets/project_621_dataset_1491_snrna-seq-of-human-optic-nerve-and-optic-nerve-head-fibroblasts/cap.json	https://storage.googleapis.com/cap-gke-prod-anndata/public-anndata-project_619_1__published__97mlLXTotDdOqk23s9p6L_1491.h5ad.json.zip	data/cell_annotation_platform/datasets/project_621_dataset_1491_snrna-seq-of-human-optic-nerve-and-optic-nerve-head-fibroblasts/public-anndata-project_619_1__published__97mlLXTotDdOqk23s9p6L_1491.h5ad.json.zip	already_extracted	
684	1780	An integrated cell atlas of the human lung in health and disease (core)	https://celltype.info/project/684/dataset/1780	data/cell_annotation_platform/datasets/project_684_dataset_1780_an-integrated-cell-atlas-of-the-human-lung-in-health-and-disease-core	data/cell_annotation_platform/datasets/project_684_dataset_1780_an-integrated-cell-atlas-of-the-human-lung-in-health-and-disease-core/cap.json	https://storage.googleapis.com/cap-gke-prod-anndata/public-anndata-project_585_1_73FFBVWjhd10kuPLiVryf_1780.h5ad.json.zip	data/cell_annotation_platform/datasets/project_684_dataset_1780_an-integrated-cell-atlas-of-the-human-lung-in-health-and-disease-core/public-anndata-project_585_1_73FFBVWjhd10kuPLiVryf_1780.h5ad.json.zip	already_extracted	
901	2855	HCA Gut Cell Atlas v1 Stromal Lineage	https://celltype.info/project/901/dataset/2855	data/cell_annotation_platform/datasets/project_901_dataset_2855_hca-gut-cell-atlas-v1-stromal-lineage	data/cell_annotation_platform/datasets/project_901_dataset_2855_hca-gut-cell-atlas-v1-stromal-lineage/cap.json	https://storage.googleapis.com/cap-gke-prod-anndata/public-anndata-project_766_3_I3NK_BAktSwq-kuaH6hfQ_2855.h5ad.json.zip	data/cell_annotation_platform/datasets/project_901_dataset_2855_hca-gut-cell-atlas-v1-stromal-lineage/public-anndata-project_766_3_I3NK_BAktSwq-kuaH6hfQ_2855.h5ad.json.zip	already_extracted	
901	2857	HCA Gut Cell Atlas v1 Lymphoid Lineage	https://celltype.info/project/901/dataset/2857	data/cell_annotation_platform/datasets/project_901_dataset_2857_hca-gut-cell-atlas-v1-lymphoid-lineage	data/cell_annotation_platform/datasets/project_901_dataset_2857_hca-gut-cell-atlas-v1-lymphoid-lineage/cap.json	https://storage.googleapis.com/cap-gke-prod-anndata/public-anndata-project_766_3_kc38ECBC3tAFK5A4IQKvX_2857.h5ad.json.zip	data/cell_annotation_platform/datasets/project_901_dataset_2857_hca-gut-cell-atlas-v1-lymphoid-lineage/public-anndata-project_766_3_kc38ECBC3tAFK5A4IQKvX_2857.h5ad.json.zip	already_extracted	
901	2856	HCA Gut Cell Atlas v1 Epithelial Lineage	https://celltype.info/project/901/dataset/2856	data/cell_annotation_platform/datasets/project_901_dataset_2856_hca-gut-cell-atlas-v1-epithelial-lineage	data/cell_annotation_platform/datasets/project_901_dataset_2856_hca-gut-cell-atlas-v1-epithelial-lineage/cap.json	https://storage.googleapis.com/cap-gke-prod-anndata/public-anndata-project_766_3_5NZOjyKKzWPKnueotwEWu_2856.h5ad.json.zip	data/cell_annotation_platform/datasets/project_901_dataset_2856_hca-gut-cell-atlas-v1-epithelial-lineage/public-anndata-project_766_3_5NZOjyKKzWPKnueotwEWu_2856.h5ad.json.zip	already_extracted	
914	2924	Integrated Human Breast Cell Atlas v1.0 - all cells	https://celltype.info/project/914/dataset/2924	data/cell_annotation_platform/datasets/project_914_dataset_2924_integrated-human-breast-cell-atlas-v1-0-all-cells				not_found	
930	2999	Single cell human kidney cell atlas	https://celltype.info/project/930/dataset/2999	data/cell_annotation_platform/datasets/project_930_dataset_2999_single-cell-human-kidney-cell-atlas				not_found	
930	3000	Single nucleus human kidney cell atlas	https://celltype.info/project/930/dataset/3000	data/cell_annotation_platform/datasets/project_930_dataset_3000_single-nucleus-human-kidney-cell-atlas				not_found	
901	2854	HCA Gut Cell Atlas v1 Myeloid Lineage	https://celltype.info/project/901/dataset/2854	data/cell_annotation_platform/datasets/project_901_dataset_2854_hca-gut-cell-atlas-v1-myeloid-lineage	data/cell_annotation_platform/datasets/project_901_dataset_2854_hca-gut-cell-atlas-v1-myeloid-lineage/cap.json	https://storage.googleapis.com/cap-gke-prod-anndata/public-anndata-project_766_3_XQnoE1r33ZNxbSuOZut_2_2854.h5ad.json.zip	data/cell_annotation_platform/datasets/project_901_dataset_2854_hca-gut-cell-atlas-v1-myeloid-lineage/public-anndata-project_766_3_XQnoE1r33ZNxbSuOZut_2_2854.h5ad.json.zip	already_extracted	
901	2858	Human Gut Cell Atlas (HGCA) v1 - All Cells	https://celltype.info/project/901/dataset/2858	data/cell_annotation_platform/datasets/project_901_dataset_2858_human-gut-cell-atlas-hgca-v1-all-cells	data/cell_annotation_platform/datasets/project_901_dataset_2858_human-gut-cell-atlas-hgca-v1-all-cells/cap.json	https://storage.googleapis.com/cap-gke-prod-anndata/public-anndata-project_766_3_Tb9RzS0BUmRUVp3cH6Ri2_2858.h5ad.json.zip	data/cell_annotation_platform/datasets/project_901_dataset_2858_human-gut-cell-atlas-hgca-v1-all-cells/public-anndata-project_766_3_Tb9RzS0BUmRUVp3cH6Ri2_2858.h5ad.json.zip	already_extracted	
645	1566	Human liver cell atlas - mesenchyme cells	https://celltype.info/project/645/dataset/1566	data/cell_annotation_platform/datasets/project_645_dataset_1566_human-liver-cell-atlas-mesenchyme-cells	data/cell_annotation_platform/datasets/project_645_dataset_1566_human-liver-cell-atlas-mesenchyme-cells/cap.json	https://storage.googleapis.com/cap-gke-prod-anndata/public-anndata-project_631_1__published__Q6pTnyI3KFsPV4_yFA82u_1566.h5ad.json.zip	data/cell_annotation_platform/datasets/project_645_dataset_1566_human-liver-cell-atlas-mesenchyme-cells/public-anndata-project_631_1__published__Q6pTnyI3KFsPV4_yFA82u_1566.h5ad.json.zip	already_extracted	
645	1570	Human liver cell atlas - hepatocyte cells	https://celltype.info/project/645/dataset/1570	data/cell_annotation_platform/datasets/project_645_dataset_1570_human-liver-cell-atlas-hepatocyte-cells	data/cell_annotation_platform/datasets/project_645_dataset_1570_human-liver-cell-atlas-hepatocyte-cells/cap.json	https://storage.googleapis.com/cap-gke-prod-anndata/public-anndata-project_631_1__published__VJc1MTIi1D8h4R-xqkqgB_1570.h5ad.json.zip	data/cell_annotation_platform/datasets/project_645_dataset_1570_human-liver-cell-atlas-hepatocyte-cells/public-anndata-project_631_1__published__VJc1MTIi1D8h4R-xqkqgB_1570.h5ad.json.zip	already_extracted	
645	1565	Human liver cell atlas - cholangiocyte cells	https://celltype.info/project/645/dataset/1565	data/cell_annotation_platform/datasets/project_645_dataset_1565_human-liver-cell-atlas-cholangiocyte-cells	data/cell_annotation_platform/datasets/project_645_dataset_1565_human-liver-cell-atlas-cholangiocyte-cells/cap.json	https://storage.googleapis.com/cap-gke-prod-anndata/public-anndata-project_631_1__published__3FXC_GEjCdwFUe8_Lipz1_1565.h5ad.json.zip	data/cell_annotation_platform/datasets/project_645_dataset_1565_human-liver-cell-atlas-cholangiocyte-cells/public-anndata-project_631_1__published__3FXC_GEjCdwFUe8_Lipz1_1565.h5ad.json.zip	already_extracted	
645	1567	Human liver cell atlas - myeloid cells	https://celltype.info/project/645/dataset/1567	data/cell_annotation_platform/datasets/project_645_dataset_1567_human-liver-cell-atlas-myeloid-cells	data/cell_annotation_platform/datasets/project_645_dataset_1567_human-liver-cell-atlas-myeloid-cells/cap.json	https://storage.googleapis.com/cap-gke-prod-anndata/public-anndata-project_631_1__published__G-cxfueAeswDhlp8bzLt__1567.h5ad.json.zip	data/cell_annotation_platform/datasets/project_645_dataset_1567_human-liver-cell-atlas-myeloid-cells/public-anndata-project_631_1__published__G-cxfueAeswDhlp8bzLt__1567.h5ad.json.zip	already_extracted	
645	1568	Human liver cell atlas - lymphocyte cells	https://celltype.info/project/645/dataset/1568	data/cell_annotation_platform/datasets/project_645_dataset_1568_human-liver-cell-atlas-lymphocyte-cells	data/cell_annotation_platform/datasets/project_645_dataset_1568_human-liver-cell-atlas-lymphocyte-cells/cap.json	https://storage.googleapis.com/cap-gke-prod-anndata/public-anndata-project_631_1__published__ZIoCs8lXTaQQp10uW6QQH_1568.h5ad.json.zip	data/cell_annotation_platform/datasets/project_645_dataset_1568_human-liver-cell-atlas-lymphocyte-cells/public-anndata-project_631_1__published__ZIoCs8lXTaQQp10uW6QQH_1568.h5ad.json.zip	already_extracted	
621	1488	snRNA-seq of human optic nerve and optic nerve head - astrocytes	https://celltype.info/project/621/dataset/1488	data/cell_annotation_platform/datasets/project_621_dataset_1488_snrna-seq-of-human-optic-nerve-and-optic-nerve-head-astrocytes	data/cell_annotation_platform/datasets/project_621_dataset_1488_snrna-seq-of-human-optic-nerve-and-optic-nerve-head-astrocytes/cap.json	https://storage.googleapis.com/cap-gke-prod-anndata/public-anndata-project_619_1__published__Dwr7jlTK3Y-EVD4D17Uxx_1488.h5ad.json.zip	data/cell_annotation_platform/datasets/project_621_dataset_1488_snrna-seq-of-human-optic-nerve-and-optic-nerve-head-astrocytes/public-anndata-project_619_1__published__Dwr7jlTK3Y-EVD4D17Uxx_1488.h5ad.json.zip	already_extracted	
645	1569	Human liver cell atlas - endothelia cells	https://celltype.info/project/645/dataset/1569	data/cell_annotation_platform/datasets/project_645_dataset_1569_human-liver-cell-atlas-endothelia-cells	data/cell_annotation_platform/datasets/project_645_dataset_1569_human-liver-cell-atlas-endothelia-cells/cap.json	https://storage.googleapis.com/cap-gke-prod-anndata/public-anndata-project_631_1__published__11ZwkjOAzp5OhN87H0tU0_1569.h5ad.json.zip	data/cell_annotation_platform/datasets/project_645_dataset_1569_human-liver-cell-atlas-endothelia-cells/public-anndata-project_631_1__published__11ZwkjOAzp5OhN87H0tU0_1569.h5ad.json.zip	already_extracted	
934	3015	Human Adipose Tissue Atlas v1.0 — Abdominal Subcutaneous WAT	https://celltype.info/project/934/dataset/3015	data/cell_annotation_platform/datasets/project_934_dataset_3015_human-adipose-tissue-atlas-v1-0-abdominal-subcutaneous-wat	data/cell_annotation_platform/datasets/project_934_dataset_3015_human-adipose-tissue-atlas-v1-0-abdominal-subcutaneous-wat/cap.json	https://storage.googleapis.com/cap-gke-prod-anndata/public-anndata-project_924_2_37WfuKnQAnqMRPrxKVgJQ_3015.h5ad.json.zip	data/cell_annotation_platform/datasets/project_934_dataset_3015_human-adipose-tissue-atlas-v1-0-abdominal-subcutaneous-wat/public-anndata-project_924_2_37WfuKnQAnqMRPrxKVgJQ_3015.h5ad.json.zip	already_extracted	
934	3019	Human Adipose Tissue Atlas v1.0 — Abdominal Visceral WAT	https://celltype.info/project/934/dataset/3019	data/cell_annotation_platform/datasets/project_934_dataset_3019_human-adipose-tissue-atlas-v1-0-abdominal-visceral-wat	data/cell_annotation_platform/datasets/project_934_dataset_3019_human-adipose-tissue-atlas-v1-0-abdominal-visceral-wat/cap.json	https://storage.googleapis.com/cap-gke-prod-anndata/public-anndata-project_924_2_NKX-1EhaMu0yKl6-ycPne_3019.h5ad.json.zip	data/cell_annotation_platform/datasets/project_934_dataset_3019_human-adipose-tissue-atlas-v1-0-abdominal-visceral-wat/public-anndata-project_924_2_NKX-1EhaMu0yKl6-ycPne_3019.h5ad.json.zip	already_extracted	
934	3020	Human Adipose Tissue Atlas v1.0 — Adipocytes	https://celltype.info/project/934/dataset/3020	data/cell_annotation_platform/datasets/project_934_dataset_3020_human-adipose-tissue-atlas-v1-0-adipocytes	data/cell_annotation_platform/datasets/project_934_dataset_3020_human-adipose-tissue-atlas-v1-0-adipocytes/cap.json	https://storage.googleapis.com/cap-gke-prod-anndata/public-anndata-project_924_2_p0dgvUJBx7GPYgEyQTFHc_3020.h5ad.json.zip	data/cell_annotation_platform/datasets/project_934_dataset_3020_human-adipose-tissue-atlas-v1-0-adipocytes/public-anndata-project_924_2_p0dgvUJBx7GPYgEyQTFHc_3020.h5ad.json.zip	already_extracted	
934	3021	Human Adipose Tissue Atlas v1.0 — All cells	https://celltype.info/project/934/dataset/3021	data/cell_annotation_platform/datasets/project_934_dataset_3021_human-adipose-tissue-atlas-v1-0-all-cells	data/cell_annotation_platform/datasets/project_934_dataset_3021_human-adipose-tissue-atlas-v1-0-all-cells/cap.json	https://storage.googleapis.com/cap-gke-prod-anndata/public-anndata-project_924_2_b8xsAel4XiwC_GrYJ2JYu_3021.h5ad.json.zip	data/cell_annotation_platform/datasets/project_934_dataset_3021_human-adipose-tissue-atlas-v1-0-all-cells/public-anndata-project_924_2_b8xsAel4XiwC_GrYJ2JYu_3021.h5ad.json.zip	already_extracted	
934	3018	Human Adipose Tissue Atlas v1.0 — Cervical Subcutaneous WAT	https://celltype.info/project/934/dataset/3018	data/cell_annotation_platform/datasets/project_934_dataset_3018_human-adipose-tissue-atlas-v1-0-cervical-subcutaneous-wat	data/cell_annotation_platform/datasets/project_934_dataset_3018_human-adipose-tissue-atlas-v1-0-cervical-subcutaneous-wat/cap.json	https://storage.googleapis.com/cap-gke-prod-anndata/public-anndata-project_924_2_yVpd26KeA74fyo6W8cOWl_3018.h5ad.json.zip	data/cell_annotation_platform/datasets/project_934_dataset_3018_human-adipose-tissue-atlas-v1-0-cervical-subcutaneous-wat/public-anndata-project_924_2_yVpd26KeA74fyo6W8cOWl_3018.h5ad.json.zip	already_extracted	
934	3013	Human Adipose Tissue Atlas v1.0 — Vascular cells	https://celltype.info/project/934/dataset/3013	data/cell_annotation_platform/datasets/project_934_dataset_3013_human-adipose-tissue-atlas-v1-0-vascular-cells	data/cell_annotation_platform/datasets/project_934_dataset_3013_human-adipose-tissue-atlas-v1-0-vascular-cells/cap.json	https://storage.googleapis.com/cap-gke-prod-anndata/public-anndata-project_924_2_GVWwoQlqivTqsn7oZNg_b_3013.h5ad.json.zip	data/cell_annotation_platform/datasets/project_934_dataset_3013_human-adipose-tissue-atlas-v1-0-vascular-cells/public-anndata-project_924_2_GVWwoQlqivTqsn7oZNg_b_3013.h5ad.json.zip	already_extracted	
934	3012	Human Adipose Tissue Atlas v1.0 — ASPCs	https://celltype.info/project/934/dataset/3012	data/cell_annotation_platform/datasets/project_934_dataset_3012_human-adipose-tissue-atlas-v1-0-aspcs	data/cell_annotation_platform/datasets/project_934_dataset_3012_human-adipose-tissue-atlas-v1-0-aspcs/cap.json	https://storage.googleapis.com/cap-gke-prod-anndata/public-anndata-project_924_2_Ic6CTKY069YUaac08btVx_3012.h5ad.json.zip	data/cell_annotation_platform/datasets/project_934_dataset_3012_human-adipose-tissue-atlas-v1-0-aspcs/public-anndata-project_924_2_Ic6CTKY069YUaac08btVx_3012.h5ad.json.zip	already_extracted	
934	3014	Human Adipose Tissue Atlas v1.0 — Mesothelial cells	https://celltype.info/project/934/dataset/3014	data/cell_annotation_platform/datasets/project_934_dataset_3014_human-adipose-tissue-atlas-v1-0-mesothelial-cells	data/cell_annotation_platform/datasets/project_934_dataset_3014_human-adipose-tissue-atlas-v1-0-mesothelial-cells/cap.json	https://storage.googleapis.com/cap-gke-prod-anndata/public-anndata-project_924_2_BTwSjKnWXS1TOEiCPCySF_3014.h5ad.json.zip	data/cell_annotation_platform/datasets/project_934_dataset_3014_human-adipose-tissue-atlas-v1-0-mesothelial-cells/public-anndata-project_924_2_BTwSjKnWXS1TOEiCPCySF_3014.h5ad.json.zip	already_extracted	
934	3017	Human Adipose Tissue Atlas v1.0 — Myeloid cells	https://celltype.info/project/934/dataset/3017	data/cell_annotation_platform/datasets/project_934_dataset_3017_human-adipose-tissue-atlas-v1-0-myeloid-cells	data/cell_annotation_platform/datasets/project_934_dataset_3017_human-adipose-tissue-atlas-v1-0-myeloid-cells/cap.json	https://storage.googleapis.com/cap-gke-prod-anndata/public-anndata-project_924_2_xPASofuP65LVwLd6oMety_3017.h5ad.json.zip	data/cell_annotation_platform/datasets/project_934_dataset_3017_human-adipose-tissue-atlas-v1-0-myeloid-cells/public-anndata-project_924_2_xPASofuP65LVwLd6oMety_3017.h5ad.json.zip	already_extracted	
934	3016	Human Adipose Tissue Atlas v1.0 — Lymphoid cells	https://celltype.info/project/934/dataset/3016	data/cell_annotation_platform/datasets/project_934_dataset_3016_human-adipose-tissue-atlas-v1-0-lymphoid-cells	data/cell_annotation_platform/datasets/project_934_dataset_3016_human-adipose-tissue-atlas-v1-0-lymphoid-cells/cap.json	https://storage.googleapis.com/cap-gke-prod-anndata/public-anndata-project_924_2_irkO4Cvo4LPcjSllrzI6s_3016.h5ad.json.zip	data/cell_annotation_platform/datasets/project_934_dataset_3016_human-adipose-tissue-atlas-v1-0-lymphoid-cells/public-anndata-project_924_2_irkO4Cvo4LPcjSllrzI6s_3016.h5ad.json.zip	already_extracted	
947	3057	snRNA-seq of the human retinal pigment epithelium and the choroid - endothelial cells	https://celltype.info/project/947/dataset/3057	data/cell_annotation_platform/datasets/project_947_dataset_3057_snrna-seq-of-the-human-retinal-pigment-epithelium-and-the-choroid-endothelial-ce	data/cell_annotation_platform/datasets/project_947_dataset_3057_snrna-seq-of-the-human-retinal-pigment-epithelium-and-the-choroid-endothelial-ce/cap.json	https://storage.googleapis.com/cap-gke-prod-anndata/public-anndata-project_590_3_qnEcm82nDtKtI1xafxsEc_3057.h5ad.json.zip	data/cell_annotation_platform/datasets/project_947_dataset_3057_snrna-seq-of-the-human-retinal-pigment-epithelium-and-the-choroid-endothelial-ce/public-anndata-project_590_3_qnEcm82nDtKtI1xafxsEc_3057.h5ad.json.zip	already_extracted	
947	3055	snRNA-seq of human of the human retinal pigment epithelium and the choroid - all cells	https://celltype.info/project/947/dataset/3055	data/cell_annotation_platform/datasets/project_947_dataset_3055_snrna-seq-of-human-of-the-human-retinal-pigment-epithelium-and-the-choroid-all-c	data/cell_annotation_platform/datasets/project_947_dataset_3055_snrna-seq-of-human-of-the-human-retinal-pigment-epithelium-and-the-choroid-all-c/cap.json	https://storage.googleapis.com/cap-gke-prod-anndata/public-anndata-project_590_3_LthgPl29zpAqTX6gYt7Wg_3055.h5ad.json.zip	data/cell_annotation_platform/datasets/project_947_dataset_3055_snrna-seq-of-human-of-the-human-retinal-pigment-epithelium-and-the-choroid-all-c/public-anndata-project_590_3_LthgPl29zpAqTX6gYt7Wg_3055.h5ad.json.zip	already_extracted	
947	3052	scRNA-seq of the human retinal pigment epithelium and the choroid	https://celltype.info/project/947/dataset/3052	data/cell_annotation_platform/datasets/project_947_dataset_3052_scrna-seq-of-the-human-retinal-pigment-epithelium-and-the-choroid	data/cell_annotation_platform/datasets/project_947_dataset_3052_scrna-seq-of-the-human-retinal-pigment-epithelium-and-the-choroid/cap.json	https://storage.googleapis.com/cap-gke-prod-anndata/public-anndata-project_590_3_-sS2wg77K27uXblzKIHXV_3052.h5ad.json.zip	data/cell_annotation_platform/datasets/project_947_dataset_3052_scrna-seq-of-the-human-retinal-pigment-epithelium-and-the-choroid/public-anndata-project_590_3_-sS2wg77K27uXblzKIHXV_3052.h5ad.json.zip	already_extracted	
947	3054	snRNA-seq of the human retinal pigment epithelium and the choroid	https://celltype.info/project/947/dataset/3054	data/cell_annotation_platform/datasets/project_947_dataset_3054_snrna-seq-of-the-human-retinal-pigment-epithelium-and-the-choroid	data/cell_annotation_platform/datasets/project_947_dataset_3054_snrna-seq-of-the-human-retinal-pigment-epithelium-and-the-choroid/cap.json	https://storage.googleapis.com/cap-gke-prod-anndata/public-anndata-project_590_3_jTyIArZkb7g34VZD5yw1__3054.h5ad.json.zip	data/cell_annotation_platform/datasets/project_947_dataset_3054_snrna-seq-of-the-human-retinal-pigment-epithelium-and-the-choroid/public-anndata-project_590_3_jTyIArZkb7g34VZD5yw1__3054.h5ad.json.zip	already_extracted	
947	3056	snRNA-seq of the human retinal pigment epithelium and the choroid - stromal cells	https://celltype.info/project/947/dataset/3056	data/cell_annotation_platform/datasets/project_947_dataset_3056_snrna-seq-of-the-human-retinal-pigment-epithelium-and-the-choroid-stromal-cells	data/cell_annotation_platform/datasets/project_947_dataset_3056_snrna-seq-of-the-human-retinal-pigment-epithelium-and-the-choroid-stromal-cells/cap.json	https://storage.googleapis.com/cap-gke-prod-anndata/public-anndata-project_590_3_KVuoZi1_5ITMtsxJs6lzS_3056.h5ad.json.zip	data/cell_annotation_platform/datasets/project_947_dataset_3056_snrna-seq-of-the-human-retinal-pigment-epithelium-and-the-choroid-stromal-cells/public-anndata-project_590_3_KVuoZi1_5ITMtsxJs6lzS_3056.h5ad.json.zip	already_extracted	
947	3053	snRNA-seq of the human retinal pigment epithelium and the choroid - retinal pigment epithelial cells	https://celltype.info/project/947/dataset/3053	data/cell_annotation_platform/datasets/project_947_dataset_3053_snrna-seq-of-the-human-retinal-pigment-epithelium-and-the-choroid-retinal-pigmen	data/cell_annotation_platform/datasets/project_947_dataset_3053_snrna-seq-of-the-human-retinal-pigment-epithelium-and-the-choroid-retinal-pigmen/cap.json	https://storage.googleapis.com/cap-gke-prod-anndata/public-anndata-project_590_3_sRWAEZXk_7zbaA-56TTs6_3053.h5ad.json.zip	data/cell_annotation_platform/datasets/project_947_dataset_3053_snrna-seq-of-the-human-retinal-pigment-epithelium-and-the-choroid-retinal-pigmen/public-anndata-project_590_3_sRWAEZXk_7zbaA-56TTs6_3053.h5ad.json.zip	already_extracted	
