10.1101/2020.06.30.174391	raw/Current_Content/July_2020/44b78c12-6cac-1014-ad7f-8bd6b4b1a8d4.meca
10.1101/2020.11.20.20227355	
10.1101/2020.12.03.20242412	
10.1101/2020.12.21.423830	raw/Current_Content/December_2020/01ffce1b-6d0e-1014-8427-e0fd0e827916.meca
10.1101/2021.01.22.21250336	
10.1101/2021.03.01.21252411	
10.1101/2021.03.02.433590	raw/Current_Content/December_2021/ef69bfc5-6cb3-1014-91ff-aaa4786cd539.meca
10.1101/2021.03.02.433590	raw/Current_Content/March_2021/370d278a-6da9-1014-83c6-98c710703bfd.meca
10.1101/2021.03.02.433590	raw/Current_Content/March_2021/ee636456-6e83-1014-b7d9-dfdd9f69dab2.meca
10.1101/2021.03.02.433590	raw/Current_Content/May_2021/21178d80-6f82-1014-b7b4-ffc54ffbf817.meca
10.1101/2021.03.23.436577	raw/Current_Content/March_2021/e1a78a38-6d6a-1014-8de9-ad8e4c5e582a.meca
10.1101/2021.04.04.438388	raw/Current_Content/April_2021/1a9711ac-6f0f-1014-bb74-f63b3d2a7c3b.meca
10.1101/2021.04.04.438388	raw/Current_Content/April_2021/596da9f8-6e32-1014-9ea1-d3741d25214e.meca
10.1101/2021.04.05.438347	raw/Current_Content/April_2021/573b1ff2-6f63-1014-9316-822b567d65d6.meca
10.1101/2021.04.05.438347	raw/Current_Content/April_2021/d922c539-6f4b-1014-bf0c-8bd2f5e4dcc9.meca
10.1101/2021.04.28.441762	raw/Current_Content/April_2021/aacce318-7035-1014-b1b1-ec47092ac57c.meca
10.1101/2021.04.28.441762	raw/Current_Content/July_2021/9411fd92-6c09-1014-8049-951f38d839ff.meca
10.1101/2021.07.06.451312	raw/Current_Content/July_2021/8fa80093-6c12-1014-a87c-a5e3395db9c7.meca
10.1101/2021.07.19.452956	raw/Current_Content/July_2021/b723dbe3-6bf6-1014-966e-cad33b1b9b8b.meca
10.1101/2021.07.19.452956	raw/Current_Content/March_2022/e5662dd5-6bf9-1014-9b50-bdb47865e33c.meca
10.1101/2021.07.19.452956	raw/Current_Content/November_2021/00b5b03c-6c07-1014-95c3-bc58a6c5298e.meca
10.1101/2021.08.19.457030	raw/Current_Content/August_2021/fe1f1f1a-6bf8-1014-b385-995b23e811bd.meca
10.1101/2021.09.16.460628	raw/Current_Content/September_2021/bbbfae85-6c1e-1014-bd43-bf6ad78e102b.meca
10.1101/2021.11.30.470583	raw/Current_Content/August_2022/2200afdb-6cf8-1014-98fd-be456a4dadc0.meca
10.1101/2021.11.30.470583	raw/Current_Content/December_2021/30deafc7-6cc5-1014-910b-99d53b9ee898.meca
10.1101/2021.12.20.473443	raw/Current_Content/December_2021/14cc4b0f-6bf6-1014-bdc5-9ebdb8dd16db.meca
10.1101/2022.02.09.479667	raw/Current_Content/February_2022/341f4628-6c3a-1014-9cd1-8a850c1da922.meca
10.1101/2022.02.14.480397	raw/Current_Content/February_2022/39f68591-6c48-1014-898e-bc9feb4dc5ac.meca
10.1101/2022.06.17.496207	raw/Current_Content/December_2022/716fda49-6c1a-1014-b173-96accd415f32.meca
10.1101/2022.06.17.496207	raw/Current_Content/June_2022/45e8b645-6c29-1014-945e-f028d265e6b8.meca
10.1101/2022.10.17.512579	raw/Current_Content/October_2022/35e85af7-6c68-1014-8225-f3146a05a392.meca
10.1101/2022.10.24.513487	raw/Current_Content/October_2022/32909cb5-6d80-1014-99dc-d2f3d9066550.meca
10.1101/2023.03.17.533161	raw/Current_Content/July_2023/bc77de0a-6fc1-1014-af4f-8680557c1531.meca
10.1101/2023.03.17.533161	raw/Current_Content/March_2023/6edcc430-6bfb-1014-8ee0-993833a8dc5f.meca
10.1101/2023.04.13.23288227	
10.1101/2023.05.01.538871	raw/Current_Content/May_2023/b204126b-6d48-1014-932a-e549610b2f31.meca
10.1101/2023.08.08.551504	raw/Current_Content/August_2023/f43dab80-6c22-1014-877f-f75f138a9d55.meca
10.1101/2023.11.07.566105	raw/Current_Content/November_2023/17cab877-6c46-1014-85cf-e0c9584b8486.meca
10.1101/2024.02.02.578633	raw/Current_Content/February_2024/7f070a19-71ad-1014-9122-f1bba839a5bc.meca
10.1101/2024.09.10.612293	raw/Current_Content/August_2025/3f617f81-6ffb-1014-909e-87c987852b2e.meca
10.1101/2024.09.10.612293	raw/Current_Content/May_2025/cb09fb5a-7852-1014-84eb-f006656027ae.meca
10.1101/2024.09.10.612293	raw/Current_Content/September_2024/67b846d4-6d86-1014-bb38-af45067fca06.meca
10.1101/2025.06.19.660575	raw/Current_Content/June_2025/48367e0c-7949-1014-ad46-946edd3302ad.meca
10.1101/632216	raw/Current_Content/May_2019/Batch_#158/47e6ef00-6c0f-1014-84ef-829799d7a97f.meca
10.1101/632216	raw/Current_Content/May_2019/Batch_#172/523939a3-6c00-1014-9d5b-eb2121baf5ac.meca
10.1101/721258	raw/Current_Content/August_2019/Batch_#242/5484de20-6c02-1014-8335-e253de4c0a34.meca
10.1101/759902	raw/Current_Content/October_2019/Batch_#320/d5a43fc3-6c06-1014-b3c3-c911a16af0df.meca
10.1101/759902	raw/Current_Content/September_2019/Batch_#278/ee1e9e96-6c02-1014-8003-99caccfd9e30.meca
10.1101/759902	raw/Current_Content/September_2019/Batch_#281/6a0e94d7-6c12-1014-9ae3-ec7d55842542.meca
