pair_id	target_key	target_label	target_label_a	target_label_b	profile_a	profile_b	paper_a	paper_b	collection_pair	markers_a	markers_b	shared_markers	union_markers	any_shared_marker	marker_jaccard	recovery_a_from_b	recovery_b_from_a	mean_directional_recovery	context_a	context_b	context_jaccard	normalized_label_a	normalized_label_b
pair:500cb9661d5dd5dba5f6	CL:0000084	T-cell	T-cell	T lymphocyte	profile:b77a46c77d71ec6df594	profile:1953e2d225b00edf98d6	biorxiv:01e5e65d-751c-1014-a8e3-b5f1d7a951ab	biorxiv:dbf486c9-6c54-1014-9bc5-bf4d8f303013	biorxiv-biorxiv	7	3	0	10	0	0.0	0.0	0.0	0.0	4	7	0.1	t cell	t lymphocyte
pair:424ff69c7dce9664ee08	CL:0000084	T-cell	T-cell	T-lymphocyte	profile:b77a46c77d71ec6df594	profile:70ad0ddd15d9a6d6942e	biorxiv:01e5e65d-751c-1014-a8e3-b5f1d7a951ab	hca:0149_10.1038_s41368-023-00238-z_c77e60a0ab	biorxiv-hca	7	3	0	10	0	0.0	0.0	0.0	0.0	4	5	0.0	t cell	t lymphocyte
pair:19684552845ac8208870	CL:0000084	T cell	T cell	T lymphocyte	profile:dad4e5cef0740e905dab	profile:1953e2d225b00edf98d6	biorxiv:1fa7b83f-6da7-1014-a69d-d257852e8dd1	biorxiv:dbf486c9-6c54-1014-9bc5-bf4d8f303013	biorxiv-biorxiv	3	3	0	6	0	0.0	0.0	0.0	0.0	1	7	0.0	t cell	t lymphocyte
pair:6727beb309b5cd4466ae	CL:0000084	T cell	T cell	T-lymphocyte	profile:dad4e5cef0740e905dab	profile:70ad0ddd15d9a6d6942e	biorxiv:1fa7b83f-6da7-1014-a69d-d257852e8dd1	hca:0149_10.1038_s41368-023-00238-z_c77e60a0ab	biorxiv-hca	3	3	1	5	1	0.2	0.3333333333333333	0.3333333333333333	0.3333333333333333	1	5	0.0	t cell	t lymphocyte
pair:2cf0e32f45dcd07da5d5	CL:0000084	T cell	T cell	T lymphocyte	profile:f6766d68fcac10e19510	profile:1953e2d225b00edf98d6	biorxiv:307b2bd7-6cb9-1014-a6b4-a58a7220bba3	biorxiv:dbf486c9-6c54-1014-9bc5-bf4d8f303013	biorxiv-biorxiv	5	3	0	8	0	0.0	0.0	0.0	0.0	7	7	0.4	t cell	t lymphocyte
pair:6ae35b0b55e13d626be8	CL:0000084	T cell	T cell	T-lymphocyte	profile:f6766d68fcac10e19510	profile:70ad0ddd15d9a6d6942e	biorxiv:307b2bd7-6cb9-1014-a6b4-a58a7220bba3	hca:0149_10.1038_s41368-023-00238-z_c77e60a0ab	biorxiv-hca	5	3	1	7	1	0.14285714285714285	0.2	0.3333333333333333	0.26666666666666666	7	5	0.2	t cell	t lymphocyte
pair:a3e90afe291f048cebd1	CL:0000084	T cell	T cell	T lymphocyte	profile:9683d9c3fecd83665432	profile:1953e2d225b00edf98d6	biorxiv:8e460cfc-7020-1014-9694-e5bf39316223	biorxiv:dbf486c9-6c54-1014-9bc5-bf4d8f303013	biorxiv-biorxiv	3	3	0	6	0	0.0	0.0	0.0	0.0	3	7	0.42857142857142855	t cell	t lymphocyte
pair:ef6a573487f5e76193ce	CL:0000084	T cell	T cell	T-lymphocyte	profile:9683d9c3fecd83665432	profile:70ad0ddd15d9a6d6942e	biorxiv:8e460cfc-7020-1014-9694-e5bf39316223	hca:0149_10.1038_s41368-023-00238-z_c77e60a0ab	biorxiv-hca	3	3	1	5	1	0.2	0.3333333333333333	0.3333333333333333	0.3333333333333333	3	5	0.3333333333333333	t cell	t lymphocyte
pair:3eb25f869a78eadb96d2	CL:0000084	T cell	T cell	T lymphocyte	profile:a05fcdc969d3299dc6b5	profile:1953e2d225b00edf98d6	biorxiv:a6ffed23-717d-1014-ae02-d2e67f78dddd	biorxiv:dbf486c9-6c54-1014-9bc5-bf4d8f303013	biorxiv-biorxiv	3	3	0	6	0	0.0	0.0	0.0	0.0	5	7	0.2	t cell	t lymphocyte
pair:db7ddc3ae60fd3883b9e	CL:0000084	T cell	T cell	T-lymphocyte	profile:a05fcdc969d3299dc6b5	profile:70ad0ddd15d9a6d6942e	biorxiv:a6ffed23-717d-1014-ae02-d2e67f78dddd	hca:0149_10.1038_s41368-023-00238-z_c77e60a0ab	biorxiv-hca	3	3	1	5	1	0.2	0.3333333333333333	0.3333333333333333	0.3333333333333333	5	5	0.25	t cell	t lymphocyte
pair:24ef4f4fcd9276834e8a	CL:0000084	T cell	T cell	T lymphocyte	profile:2b44cfb9ed5b2c3fcad7	profile:1953e2d225b00edf98d6	biorxiv:ab05f819-6c04-1014-81aa-9646e853264a	biorxiv:dbf486c9-6c54-1014-9bc5-bf4d8f303013	biorxiv-biorxiv	6	3	0	9	0	0.0	0.0	0.0	0.0	13	7	0.17647058823529413	t cell	t lymphocyte
pair:d31307c037689326a620	CL:0000084	T cell	T cell	T-lymphocyte	profile:2b44cfb9ed5b2c3fcad7	profile:70ad0ddd15d9a6d6942e	biorxiv:ab05f819-6c04-1014-81aa-9646e853264a	hca:0149_10.1038_s41368-023-00238-z_c77e60a0ab	biorxiv-hca	6	3	0	9	0	0.0	0.0	0.0	0.0	13	5	0.2857142857142857	t cell	t lymphocyte
pair:31c83ccbcf1e0459a52e	CL:0000084	T cell	T cell	T lymphocyte	profile:ba05fd3047198e41e7c1	profile:1953e2d225b00edf98d6	biorxiv:b60c0833-6df2-1014-8865-f92ffff4fcc6	biorxiv:dbf486c9-6c54-1014-9bc5-bf4d8f303013	biorxiv-biorxiv	3	3	0	6	0	0.0	0.0	0.0	0.0	6	7	0.0	t cell	t lymphocyte
pair:51b50843847569086675	CL:0000084	T cell	T cell	T-lymphocyte	profile:ba05fd3047198e41e7c1	profile:70ad0ddd15d9a6d6942e	biorxiv:b60c0833-6df2-1014-8865-f92ffff4fcc6	hca:0149_10.1038_s41368-023-00238-z_c77e60a0ab	biorxiv-hca	3	3	1	5	1	0.2	0.3333333333333333	0.3333333333333333	0.3333333333333333	6	5	0.1	t cell	t lymphocyte
pair:02cb16884d6b6862854b	CL:0000084	T cell	T cell	T lymphocyte	profile:63966e3218f4f3ab7db6	profile:1953e2d225b00edf98d6	biorxiv:b71d9b5e-6f1d-1014-9408-ec8c7da502b4	biorxiv:dbf486c9-6c54-1014-9bc5-bf4d8f303013	biorxiv-biorxiv	4	3	0	7	0	0.0	0.0	0.0	0.0	2	7	0.0	t cell	t lymphocyte
pair:2c03449f57e0289e2895	CL:0000084	T cell	T cell	T-lymphocyte	profile:63966e3218f4f3ab7db6	profile:70ad0ddd15d9a6d6942e	biorxiv:b71d9b5e-6f1d-1014-9408-ec8c7da502b4	hca:0149_10.1038_s41368-023-00238-z_c77e60a0ab	biorxiv-hca	4	3	0	7	0	0.0	0.0	0.0	0.0	2	5	0.0	t cell	t lymphocyte
pair:3ffabf145a109de01ec5	CL:0000084	T cell	T cell	T lymphocyte	profile:d1b16b5d5b32bf28fe36	profile:1953e2d225b00edf98d6	biorxiv:ba2fe3cc-7145-1014-8950-ece91a9c7114	biorxiv:dbf486c9-6c54-1014-9bc5-bf4d8f303013	biorxiv-biorxiv	3	3	0	6	0	0.0	0.0	0.0	0.0	0	7	0.0	t cell	t lymphocyte
pair:148045b19c9122383b7e	CL:0000084	T cell	T cell	T-lymphocyte	profile:d1b16b5d5b32bf28fe36	profile:70ad0ddd15d9a6d6942e	biorxiv:ba2fe3cc-7145-1014-8950-ece91a9c7114	hca:0149_10.1038_s41368-023-00238-z_c77e60a0ab	biorxiv-hca	3	3	0	6	0	0.0	0.0	0.0	0.0	0	5	0.0	t cell	t lymphocyte
pair:a2b59db94623c20d9f16	CL:0000084	T cell	T cell	T lymphocyte	profile:65310456d85274bafa23	profile:1953e2d225b00edf98d6	biorxiv:c245f005-7ab6-1014-adbd-b49bd8bfffbc	biorxiv:dbf486c9-6c54-1014-9bc5-bf4d8f303013	biorxiv-biorxiv	3	3	0	6	0	0.0	0.0	0.0	0.0	9	7	0.3333333333333333	t cell	t lymphocyte
pair:d5aa80cf6d23cadb10d3	CL:0000084	T cell	T cell	T-lymphocyte	profile:65310456d85274bafa23	profile:70ad0ddd15d9a6d6942e	biorxiv:c245f005-7ab6-1014-adbd-b49bd8bfffbc	hca:0149_10.1038_s41368-023-00238-z_c77e60a0ab	biorxiv-hca	3	3	1	5	1	0.2	0.3333333333333333	0.3333333333333333	0.3333333333333333	9	5	0.16666666666666666	t cell	t lymphocyte
pair:0a5146c635d1fc3a474a	CL:0000084	T cell	T cell	T lymphocyte	profile:1e15b6128403e6003c73	profile:1953e2d225b00edf98d6	biorxiv:c8264099-6fc3-1014-9d27-9ae05a0c1d33	biorxiv:dbf486c9-6c54-1014-9bc5-bf4d8f303013	biorxiv-biorxiv	3	3	0	6	0	0.0	0.0	0.0	0.0	1	7	0.14285714285714285	t cell	t lymphocyte
pair:7bd0a650de768f060be4	CL:0000084	T cell	T cell	T-lymphocyte	profile:1e15b6128403e6003c73	profile:70ad0ddd15d9a6d6942e	biorxiv:c8264099-6fc3-1014-9d27-9ae05a0c1d33	hca:0149_10.1038_s41368-023-00238-z_c77e60a0ab	biorxiv-hca	3	3	0	6	0	0.0	0.0	0.0	0.0	1	5	0.2	t cell	t lymphocyte
pair:98617a6e101727182b14	CL:0000084	T lymphocyte	T lymphocyte	T cell	profile:1953e2d225b00edf98d6	profile:dd5ba3a405ab2843cb77	biorxiv:dbf486c9-6c54-1014-9bc5-bf4d8f303013	hca:0019_10.1126_science.aba7721_1646acb14b	biorxiv-hca	3	3	0	6	0	0.0	0.0	0.0	0.0	7	7	0.0	t lymphocyte	t cell
pair:2a3f495b7382295d6693	CL:0000084	T lymphocyte	T lymphocyte	T cell	profile:1953e2d225b00edf98d6	profile:3f23f5d37cbf7c9b6bb1	biorxiv:dbf486c9-6c54-1014-9bc5-bf4d8f303013	hca:0039_10.1016_j.isci.2021.102405_1f6d3fbc60	biorxiv-hca	3	3	0	6	0	0.0	0.0	0.0	0.0	7	11	0.058823529411764705	t lymphocyte	t cell
pair:1f41dfe02127a2194532	CL:0000084	T lymphocyte	T lymphocyte	T cell	profile:1953e2d225b00edf98d6	profile:8882c49e6e52852614eb	biorxiv:dbf486c9-6c54-1014-9bc5-bf4d8f303013	hca:0042_10.1126_sciadv.aau4788_744a251f24	biorxiv-hca	3	6	0	9	0	0.0	0.0	0.0	0.0	7	8	0.07142857142857142	t lymphocyte	t cell
pair:de0431bbf6535a89e0a8	CL:0000084	T lymphocyte	T lymphocyte	T cell	profile:1953e2d225b00edf98d6	profile:0f2a32ddd601f226a3af	biorxiv:dbf486c9-6c54-1014-9bc5-bf4d8f303013	hca:0091_10.1101_2025.06.19.660575_df9b499d76	biorxiv-hca	3	4	0	7	0	0.0	0.0	0.0	0.0	7	10	0.13333333333333333	t lymphocyte	t cell
pair:9186c45b1f8ad41e0839	CL:0000084	T lymphocyte	T lymphocyte	T cell	profile:1953e2d225b00edf98d6	profile:5ad23d379f122dfc7ae2	biorxiv:dbf486c9-6c54-1014-9bc5-bf4d8f303013	hca:0092_10.1126_sciadv.adm7506_67b90b1dc0	biorxiv-hca	3	3	0	6	0	0.0	0.0	0.0	0.0	7	9	0.14285714285714285	t lymphocyte	t cell
pair:73c77ba6a072402c208e	CL:0000084	T lymphocyte	T lymphocyte	T cell	profile:1953e2d225b00edf98d6	profile:da010ac0a952c0322ef2	biorxiv:dbf486c9-6c54-1014-9bc5-bf4d8f303013	hca:0109_10.7554_elife.91792.1_056dda27be	biorxiv-hca	3	7	0	10	0	0.0	0.0	0.0	0.0	7	21	0.16666666666666666	t lymphocyte	t cell
pair:e8f57dd252409d8d018d	CL:0000084	T lymphocyte	T lymphocyte	T cell	profile:1953e2d225b00edf98d6	profile:58c8b1f521aff5be11a4	biorxiv:dbf486c9-6c54-1014-9bc5-bf4d8f303013	hca:0148_10.1113_jp287812_fd3137bc12	biorxiv-hca	3	5	0	8	0	0.0	0.0	0.0	0.0	7	13	0.25	t lymphocyte	t cell
pair:691d3db8c2908659a7b4	CL:0000084	T lymphocyte	T lymphocyte	T cell	profile:1953e2d225b00edf98d6	profile:5f7c966b288a72dd7b1c	biorxiv:dbf486c9-6c54-1014-9bc5-bf4d8f303013	hca:0158_10.2337_db21-0830_d021248f76	biorxiv-hca	3	3	0	6	0	0.0	0.0	0.0	0.0	7	7	0.16666666666666666	t lymphocyte	t cell
pair:ed7d6b8df9a1234f3ba9	CL:0000084	T lymphocyte	T lymphocyte	T cell	profile:1953e2d225b00edf98d6	profile:4ce69e2212c8f7baa73e	biorxiv:dbf486c9-6c54-1014-9bc5-bf4d8f303013	hca:0164_10.1177_00220345221147908_13bf485ac8	biorxiv-hca	3	3	0	6	0	0.0	0.0	0.0	0.0	7	6	0.18181818181818182	t lymphocyte	t cell
pair:14dae479c05e8a2ca681	CL:0000084	T lymphocyte	T lymphocyte	T cell	profile:1953e2d225b00edf98d6	profile:b9b67845cf8550aab92c	biorxiv:dbf486c9-6c54-1014-9bc5-bf4d8f303013	hca:0184_10.1016_j.cell.2021.07.023_f621bea088	biorxiv-hca	3	8	0	11	0	0.0	0.0	0.0	0.0	7	13	0.17647058823529413	t lymphocyte	t cell
pair:573dc1f106fafa9858ee	CL:0000084	T lymphocyte	T lymphocyte	T cell	profile:1953e2d225b00edf98d6	profile:861df81afcf5cf77cdc5	biorxiv:dbf486c9-6c54-1014-9bc5-bf4d8f303013	hca:0215_10.1038_s42003-020-01625-6_cc9e14f4ea	biorxiv-hca	3	4	0	7	0	0.0	0.0	0.0	0.0	7	4	0.2222222222222222	t lymphocyte	t cell
pair:2ae427c8fce533b11145	CL:0000084	T lymphocyte	T lymphocyte	T cell	profile:1953e2d225b00edf98d6	profile:535867c472b921ca7988	biorxiv:dbf486c9-6c54-1014-9bc5-bf4d8f303013	hca:0229_10.15252_msb.20178041_0277072a61	biorxiv-hca	3	4	0	7	0	0.0	0.0	0.0	0.0	7	3	0.1111111111111111	t lymphocyte	t cell
pair:1e0d2e549cbf42a37fa2	CL:0000084	T lymphocyte	T lymphocyte	T cell	profile:1953e2d225b00edf98d6	profile:dea78dacea6043997fc2	biorxiv:dbf486c9-6c54-1014-9bc5-bf4d8f303013	hca:0243_10.1038_s41586-023-05915-x_2f4aafa6a2	biorxiv-hca	3	3	0	6	0	0.0	0.0	0.0	0.0	7	17	0.14285714285714285	t lymphocyte	t cell
pair:a663f8fe1a6295c09c3d	CL:0000084	T lymphocyte	T lymphocyte	T cell	profile:1953e2d225b00edf98d6	profile:a6bc2463dcaa5734ed56	biorxiv:dbf486c9-6c54-1014-9bc5-bf4d8f303013	hca:0291_10.1016_j.cell.2019.06.024_7d6cf2f1e2	biorxiv-hca	3	4	0	7	0	0.0	0.0	0.0	0.0	7	2	0.0	t lymphocyte	t cell
pair:3448bf113e8af9ed3873	CL:0000084	T lymphocyte	T lymphocyte	T cell	profile:1953e2d225b00edf98d6	profile:1a3812d8db839a5b0e3f	biorxiv:dbf486c9-6c54-1014-9bc5-bf4d8f303013	hca:0293_10.1172_jci.insight.150861_5764a5bfad	biorxiv-hca	3	3	0	6	0	0.0	0.0	0.0	0.0	7	5	0.2	t lymphocyte	t cell
pair:b60fdbd8c13ba7e3ab4f	CL:0000084	T lymphocyte	T lymphocyte	T cell	profile:1953e2d225b00edf98d6	profile:221a877cd255f479703e	biorxiv:dbf486c9-6c54-1014-9bc5-bf4d8f303013	hca:0309_10.1101_721258_f9cb0ad906	biorxiv-hca	3	3	0	6	0	0.0	0.0	0.0	0.0	7	5	0.3333333333333333	t lymphocyte	t cell
pair:82840213c05ce2675418	CL:0000084	T lymphocyte	T lymphocyte	T cell	profile:1953e2d225b00edf98d6	profile:3bfc038499e5445d3a37	biorxiv:dbf486c9-6c54-1014-9bc5-bf4d8f303013	hca:0343_10.1038_s41597-019-0351-8_0cf4fb36a1	biorxiv-hca	3	3	0	6	0	0.0	0.0	0.0	0.0	7	1	0.14285714285714285	t lymphocyte	t cell
pair:eeb327c66376baa4f391	CL:0000084	T lymphocyte	T lymphocyte	T cell	profile:1953e2d225b00edf98d6	profile:76625832a7fdaf9bf6e7	biorxiv:dbf486c9-6c54-1014-9bc5-bf4d8f303013	hca:0398_10.3389_fimmu.2022.1034159_e51dfc8bb5	biorxiv-hca	3	7	0	10	0	0.0	0.0	0.0	0.0	7	4	0.2222222222222222	t lymphocyte	t cell
pair:9482bc686457334072cd	CL:0000084	T lymphocyte	T lymphocyte	T cell	profile:1953e2d225b00edf98d6	profile:b574b6fa4b41476cce26	biorxiv:dbf486c9-6c54-1014-9bc5-bf4d8f303013	hca:0410_10.3389_fcell.2021.820274_b0973e038f	biorxiv-hca	3	3	0	6	0	0.0	0.0	0.0	0.0	7	12	0.1875	t lymphocyte	t cell
pair:3cf82e8ba63408883604	CL:0000084	T lymphocyte	T lymphocyte	T cell	profile:1953e2d225b00edf98d6	profile:383ba2c5b4c38bfb278b	biorxiv:dbf486c9-6c54-1014-9bc5-bf4d8f303013	hca:0418_10.1038_s42003-020-0922-4_8904851286	biorxiv-hca	3	4	0	7	0	0.0	0.0	0.0	0.0	7	5	0.0	t lymphocyte	t cell
pair:3be242a5cc6db497cb7b	CL:0000084	T lymphocyte	T lymphocyte	T cell	profile:1953e2d225b00edf98d6	profile:8969b9b3870e054d1f8e	biorxiv:dbf486c9-6c54-1014-9bc5-bf4d8f303013	hca:0442_10.1038_s41591-024-03011-9_e42f5ec07c	biorxiv-hca	3	5	0	8	0	0.0	0.0	0.0	0.0	7	4	0.0	t lymphocyte	t cell
pair:1bb11fca4c0b13111089	CL:0000084	T lymphocyte	T lymphocyte	T cell	profile:1953e2d225b00edf98d6	profile:2901af37a085f90d8769	biorxiv:dbf486c9-6c54-1014-9bc5-bf4d8f303013	hca:0460_10.1016_j.cell.2021.08.003_652ffcecb6	biorxiv-hca	3	7	0	10	0	0.0	0.0	0.0	0.0	7	2	0.125	t lymphocyte	t cell
pair:041361716f3565cbe857	CL:0000084	T lymphocyte	T lymphocyte	T cell	profile:1953e2d225b00edf98d6	profile:df1bda99478353d111b6	biorxiv:dbf486c9-6c54-1014-9bc5-bf4d8f303013	hca:0475_10.1101_2021.07.19.452956_e30bf05aad	biorxiv-hca	3	9	0	12	0	0.0	0.0	0.0	0.0	7	2	0.0	t lymphocyte	t cell
pair:142b9f30675b2d02847b	CL:0000084	T lymphocyte	T lymphocyte	T cell	profile:1953e2d225b00edf98d6	profile:97014a08084495f2996d	biorxiv:dbf486c9-6c54-1014-9bc5-bf4d8f303013	hca:0476_10.1126_science.abl4896_6d8fed9731	biorxiv-hca	3	9	0	12	0	0.0	0.0	0.0	0.0	7	3	0.0	t lymphocyte	t cell
pair:8417a64e2978186f9ae0	CL:0000084	T lymphocyte	T lymphocyte	T cell	profile:1953e2d225b00edf98d6	profile:36d386572555ca9a23bd	biorxiv:dbf486c9-6c54-1014-9bc5-bf4d8f303013	hca:0481_10.1016_j.immuni.2023.01.002_2da3d3f446	biorxiv-hca	3	3	0	6	0	0.0	0.0	0.0	0.0	7	22	0.11538461538461539	t lymphocyte	t cell
pair:089f00b8ed0a7f53314d	CL:0000084	T lymphocyte	T lymphocyte	T cell	profile:1953e2d225b00edf98d6	profile:1484ade40d6b5c959528	biorxiv:dbf486c9-6c54-1014-9bc5-bf4d8f303013	hca:0506_10.1038_s41591-022-01680-y_160aaf8b86	biorxiv-hca	3	3	0	6	0	0.0	0.0	0.0	0.0	7	8	0.15384615384615385	t lymphocyte	t cell
pair:ca6739de038522f8b156	CL:0000084	T cell	T cell	T-lymphocyte	profile:dd5ba3a405ab2843cb77	profile:70ad0ddd15d9a6d6942e	hca:0019_10.1126_science.aba7721_1646acb14b	hca:0149_10.1038_s41368-023-00238-z_c77e60a0ab	hca-hca	3	3	0	6	0	0.0	0.0	0.0	0.0	7	5	0.0	t cell	t lymphocyte
pair:09eb47b0b0b0eec04037	CL:0000084	T cell	T cell	T-lymphocyte	profile:3f23f5d37cbf7c9b6bb1	profile:70ad0ddd15d9a6d6942e	hca:0039_10.1016_j.isci.2021.102405_1f6d3fbc60	hca:0149_10.1038_s41368-023-00238-z_c77e60a0ab	hca-hca	3	3	1	5	1	0.2	0.3333333333333333	0.3333333333333333	0.3333333333333333	11	5	0.3333333333333333	t cell	t lymphocyte
pair:f28e749eaf9c38ffe7df	CL:0000084	T cell	T cell	T-lymphocyte	profile:8882c49e6e52852614eb	profile:70ad0ddd15d9a6d6942e	hca:0042_10.1126_sciadv.aau4788_744a251f24	hca:0149_10.1038_s41368-023-00238-z_c77e60a0ab	hca-hca	6	3	1	8	1	0.125	0.16666666666666666	0.3333333333333333	0.25	8	5	0.08333333333333333	t cell	t lymphocyte
pair:0f59497ca2f93b3b98f2	CL:0000084	T cell	T cell	T-lymphocyte	profile:0f2a32ddd601f226a3af	profile:70ad0ddd15d9a6d6942e	hca:0091_10.1101_2025.06.19.660575_df9b499d76	hca:0149_10.1038_s41368-023-00238-z_c77e60a0ab	hca-hca	4	3	1	6	1	0.16666666666666666	0.25	0.3333333333333333	0.29166666666666663	10	5	0.25	t cell	t lymphocyte
pair:5729114d3e00c1ac5b62	CL:0000084	T cell	T cell	T-lymphocyte	profile:5ad23d379f122dfc7ae2	profile:70ad0ddd15d9a6d6942e	hca:0092_10.1126_sciadv.adm7506_67b90b1dc0	hca:0149_10.1038_s41368-023-00238-z_c77e60a0ab	hca-hca	3	3	1	5	1	0.2	0.3333333333333333	0.3333333333333333	0.3333333333333333	9	5	0.07692307692307693	t cell	t lymphocyte
pair:57a7ff5505360d0205c2	CL:0000084	T cell	T cell	T-lymphocyte	profile:da010ac0a952c0322ef2	profile:70ad0ddd15d9a6d6942e	hca:0109_10.7554_elife.91792.1_056dda27be	hca:0149_10.1038_s41368-023-00238-z_c77e60a0ab	hca-hca	7	3	3	7	1	0.42857142857142855	0.42857142857142855	1.0	0.7142857142857143	21	5	0.13043478260869565	t cell	t lymphocyte
pair:80f134a7be3263d8bbee	CL:0000084	T cell	T cell	T-lymphocyte	profile:58c8b1f521aff5be11a4	profile:70ad0ddd15d9a6d6942e	hca:0148_10.1113_jp287812_fd3137bc12	hca:0149_10.1038_s41368-023-00238-z_c77e60a0ab	hca-hca	5	3	1	7	1	0.14285714285714285	0.2	0.3333333333333333	0.26666666666666666	13	5	0.125	t cell	t lymphocyte
pair:832ca9f713a50858e536	CL:0000084	T-lymphocyte	T-lymphocyte	T cell	profile:70ad0ddd15d9a6d6942e	profile:5f7c966b288a72dd7b1c	hca:0149_10.1038_s41368-023-00238-z_c77e60a0ab	hca:0158_10.2337_db21-0830_d021248f76	hca-hca	3	3	1	5	1	0.2	0.3333333333333333	0.3333333333333333	0.3333333333333333	5	7	0.09090909090909091	t lymphocyte	t cell
pair:5bd9245f5334f3ec0bd3	CL:0000084	T-lymphocyte	T-lymphocyte	T cell	profile:70ad0ddd15d9a6d6942e	profile:4ce69e2212c8f7baa73e	hca:0149_10.1038_s41368-023-00238-z_c77e60a0ab	hca:0164_10.1177_00220345221147908_13bf485ac8	hca-hca	3	3	1	5	1	0.2	0.3333333333333333	0.3333333333333333	0.3333333333333333	5	6	0.2222222222222222	t lymphocyte	t cell
pair:a18e157bf1f2742c774a	CL:0000084	T-lymphocyte	T-lymphocyte	T cell	profile:70ad0ddd15d9a6d6942e	profile:b9b67845cf8550aab92c	hca:0149_10.1038_s41368-023-00238-z_c77e60a0ab	hca:0184_10.1016_j.cell.2021.07.023_f621bea088	hca-hca	3	8	0	11	0	0.0	0.0	0.0	0.0	5	13	0.058823529411764705	t lymphocyte	t cell
pair:5b3bc2454171420f34d6	CL:0000084	T-lymphocyte	T-lymphocyte	T cell	profile:70ad0ddd15d9a6d6942e	profile:861df81afcf5cf77cdc5	hca:0149_10.1038_s41368-023-00238-z_c77e60a0ab	hca:0215_10.1038_s42003-020-01625-6_cc9e14f4ea	hca-hca	3	4	0	7	0	0.0	0.0	0.0	0.0	5	4	0.125	t lymphocyte	t cell
pair:b401247faa1879fe33c6	CL:0000084	T-lymphocyte	T-lymphocyte	T cell	profile:70ad0ddd15d9a6d6942e	profile:535867c472b921ca7988	hca:0149_10.1038_s41368-023-00238-z_c77e60a0ab	hca:0229_10.15252_msb.20178041_0277072a61	hca-hca	3	4	2	5	1	0.4	0.6666666666666666	0.5	0.5833333333333333	5	3	0.14285714285714285	t lymphocyte	t cell
pair:b2e56a010370402157eb	CL:0000084	T-lymphocyte	T-lymphocyte	T cell	profile:70ad0ddd15d9a6d6942e	profile:dea78dacea6043997fc2	hca:0149_10.1038_s41368-023-00238-z_c77e60a0ab	hca:0243_10.1038_s41586-023-05915-x_2f4aafa6a2	hca-hca	3	3	0	6	0	0.0	0.0	0.0	0.0	5	17	0.047619047619047616	t lymphocyte	t cell
pair:bb06e19e6df437965d89	CL:0000084	T-lymphocyte	T-lymphocyte	T cell	profile:70ad0ddd15d9a6d6942e	profile:a6bc2463dcaa5734ed56	hca:0149_10.1038_s41368-023-00238-z_c77e60a0ab	hca:0291_10.1016_j.cell.2019.06.024_7d6cf2f1e2	hca-hca	3	4	1	6	1	0.16666666666666666	0.3333333333333333	0.25	0.29166666666666663	5	2	0.0	t lymphocyte	t cell
pair:54a1e5ff8cf619d105f4	CL:0000084	T-lymphocyte	T-lymphocyte	T cell	profile:70ad0ddd15d9a6d6942e	profile:1a3812d8db839a5b0e3f	hca:0149_10.1038_s41368-023-00238-z_c77e60a0ab	hca:0293_10.1172_jci.insight.150861_5764a5bfad	hca-hca	3	3	1	5	1	0.2	0.3333333333333333	0.3333333333333333	0.3333333333333333	5	5	0.25	t lymphocyte	t cell
pair:7042c077cdee4e24038a	CL:0000084	T-lymphocyte	T-lymphocyte	T cell	profile:70ad0ddd15d9a6d6942e	profile:221a877cd255f479703e	hca:0149_10.1038_s41368-023-00238-z_c77e60a0ab	hca:0309_10.1101_721258_f9cb0ad906	hca-hca	3	3	1	5	1	0.2	0.3333333333333333	0.3333333333333333	0.3333333333333333	5	5	0.1111111111111111	t lymphocyte	t cell
pair:c7bdd5ac86fa6ad0f3d1	CL:0000084	T-lymphocyte	T-lymphocyte	T cell	profile:70ad0ddd15d9a6d6942e	profile:3bfc038499e5445d3a37	hca:0149_10.1038_s41368-023-00238-z_c77e60a0ab	hca:0343_10.1038_s41597-019-0351-8_0cf4fb36a1	hca-hca	3	3	1	5	1	0.2	0.3333333333333333	0.3333333333333333	0.3333333333333333	5	1	0.0	t lymphocyte	t cell
pair:3d3d952aadf2e8fc8f8d	CL:0000084	T-lymphocyte	T-lymphocyte	T cell	profile:70ad0ddd15d9a6d6942e	profile:76625832a7fdaf9bf6e7	hca:0149_10.1038_s41368-023-00238-z_c77e60a0ab	hca:0398_10.3389_fimmu.2022.1034159_e51dfc8bb5	hca-hca	3	7	0	10	0	0.0	0.0	0.0	0.0	5	4	0.125	t lymphocyte	t cell
pair:8ce1b8c5a10f4d047644	CL:0000084	T-lymphocyte	T-lymphocyte	T cell	profile:70ad0ddd15d9a6d6942e	profile:b574b6fa4b41476cce26	hca:0149_10.1038_s41368-023-00238-z_c77e60a0ab	hca:0410_10.3389_fcell.2021.820274_b0973e038f	hca-hca	3	3	1	5	1	0.2	0.3333333333333333	0.3333333333333333	0.3333333333333333	5	12	0.3076923076923077	t lymphocyte	t cell
pair:6f87f7aca036f3711893	CL:0000084	T-lymphocyte	T-lymphocyte	T cell	profile:70ad0ddd15d9a6d6942e	profile:383ba2c5b4c38bfb278b	hca:0149_10.1038_s41368-023-00238-z_c77e60a0ab	hca:0418_10.1038_s42003-020-0922-4_8904851286	hca-hca	3	4	1	6	1	0.16666666666666666	0.3333333333333333	0.25	0.29166666666666663	5	5	0.1111111111111111	t lymphocyte	t cell
pair:f509229601121e6c86d4	CL:0000084	T-lymphocyte	T-lymphocyte	T cell	profile:70ad0ddd15d9a6d6942e	profile:8969b9b3870e054d1f8e	hca:0149_10.1038_s41368-023-00238-z_c77e60a0ab	hca:0442_10.1038_s41591-024-03011-9_e42f5ec07c	hca-hca	3	5	0	8	0	0.0	0.0	0.0	0.0	5	4	0.2857142857142857	t lymphocyte	t cell
pair:1066ec9c2c03e691e501	CL:0000084	T-lymphocyte	T-lymphocyte	T cell	profile:70ad0ddd15d9a6d6942e	profile:2901af37a085f90d8769	hca:0149_10.1038_s41368-023-00238-z_c77e60a0ab	hca:0460_10.1016_j.cell.2021.08.003_652ffcecb6	hca-hca	3	7	0	10	0	0.0	0.0	0.0	0.0	5	2	0.16666666666666666	t lymphocyte	t cell
pair:fee5e409c5e74634d76f	CL:0000084	T-lymphocyte	T-lymphocyte	T cell	profile:70ad0ddd15d9a6d6942e	profile:df1bda99478353d111b6	hca:0149_10.1038_s41368-023-00238-z_c77e60a0ab	hca:0475_10.1101_2021.07.19.452956_e30bf05aad	hca-hca	3	9	0	12	0	0.0	0.0	0.0	0.0	5	2	0.16666666666666666	t lymphocyte	t cell
pair:796f45fa55380a37d1ed	CL:0000084	T-lymphocyte	T-lymphocyte	T cell	profile:70ad0ddd15d9a6d6942e	profile:97014a08084495f2996d	hca:0149_10.1038_s41368-023-00238-z_c77e60a0ab	hca:0476_10.1126_science.abl4896_6d8fed9731	hca-hca	3	9	0	12	0	0.0	0.0	0.0	0.0	5	3	0.14285714285714285	t lymphocyte	t cell
pair:42e8a1b1e145ec90c0df	CL:0000084	T-lymphocyte	T-lymphocyte	T cell	profile:70ad0ddd15d9a6d6942e	profile:36d386572555ca9a23bd	hca:0149_10.1038_s41368-023-00238-z_c77e60a0ab	hca:0481_10.1016_j.immuni.2023.01.002_2da3d3f446	hca-hca	3	3	1	5	1	0.2	0.3333333333333333	0.3333333333333333	0.3333333333333333	5	22	0.125	t lymphocyte	t cell
pair:56b1d531c497d88b95b1	CL:0000084	T-lymphocyte	T-lymphocyte	T cell	profile:70ad0ddd15d9a6d6942e	profile:1484ade40d6b5c959528	hca:0149_10.1038_s41368-023-00238-z_c77e60a0ab	hca:0506_10.1038_s41591-022-01680-y_160aaf8b86	hca-hca	3	3	1	5	1	0.2	0.3333333333333333	0.3333333333333333	0.3333333333333333	5	8	0.08333333333333333	t lymphocyte	t cell
pair:f08135ee70ec94803fdc	CL:0000121	Purkinje cell	Purkinje cell	Purkinje neuron	profile:e527f9616b9284872dcf	profile:63b509d5eb77b340c9eb	hca:0093_10.1101_2021.12.20.473443_1d1224d1ea	hca:0195_10.1038_nbt.4038_23df984b1c	hca-hca	3	3	0	6	0	0.0	0.0	0.0	0.0	8	1	0.0	purkinje cell	purkinje neuron
pair:0c52b911f359ebd4eb86	CL:0000121	Purkinje neuron	Purkinje neuron	Purkinje cell	profile:63b509d5eb77b340c9eb	profile:1894f0b7e077db88e23a	hca:0195_10.1038_nbt.4038_23df984b1c	hca:0450_10.1101_2020.06.30.174391_27363b5885	hca-hca	3	23	0	26	0	0.0	0.0	0.0	0.0	1	0	0.0	purkinje neuron	purkinje cell
pair:14e798bf51e2b9ad001f	CL:0000121	Purkinje neuron	Purkinje neuron	Purkinje cell	profile:63b509d5eb77b340c9eb	profile:27f8860ffcc89af37bf1	hca:0195_10.1038_nbt.4038_23df984b1c	hca:0462_10.1038_s41586-023-06311-1_b735ac2f93	hca-hca	3	6	0	9	0	0.0	0.0	0.0	0.0	1	2	0.0	purkinje neuron	purkinje cell
pair:d00171d5dc8db5b8c616	CL:0000232	red blood cell	red blood cell	erythrocyte	profile:7275bae99c7212d030f1	profile:7f7e0c8bd38e8c855654	biorxiv:83c8ac0b-6e16-1014-a00e-d78ba7f4ca02	hca:0307_10.1038_s41419-021-03724-6_32b837a8da	biorxiv-hca	4	3	3	4	1	0.75	0.75	1.0	0.875	0	4	0.0	red blood cell	erythrocyte
pair:118c6f1e6587688ae938	CL:0000232	red blood cell	red blood cell	erythrocyte	profile:7275bae99c7212d030f1	profile:3b1ebea1a96934c15c16	biorxiv:83c8ac0b-6e16-1014-a00e-d78ba7f4ca02	hca:0418_10.1038_s42003-020-0922-4_8904851286	biorxiv-hca	4	3	3	4	1	0.75	0.75	1.0	0.875	0	5	0.0	red blood cell	erythrocyte
pair:2982fbecf542c1bb90fd	CL:0000236	B cell	B cell	B lymphocyte	profile:0bb208f206cce8c4b194	profile:0148080b683c5459abd3	biorxiv:307b2bd7-6cb9-1014-a6b4-a58a7220bba3	biorxiv:dbf486c9-6c54-1014-9bc5-bf4d8f303013	biorxiv-biorxiv	4	3	0	7	0	0.0	0.0	0.0	0.0	7	7	0.4	b cell	b lymphocyte
pair:d18441531f9b6d663798	CL:0000236	B cell	B cell	B-lymphocyte	profile:0bb208f206cce8c4b194	profile:d06b51a9656481ea386e	biorxiv:307b2bd7-6cb9-1014-a6b4-a58a7220bba3	hca:0149_10.1038_s41368-023-00238-z_c77e60a0ab	biorxiv-hca	4	9	2	11	1	0.18181818181818182	0.5	0.2222222222222222	0.3611111111111111	7	5	0.2	b cell	b lymphocyte
pair:0e39f9ce566d8c2db848	CL:0000236	B cell	B cell	B lymphocyte	profile:2661388f1f9271401566	profile:0148080b683c5459abd3	biorxiv:51fac41a-6c0a-1014-9c40-ecb16ebed7ec	biorxiv:dbf486c9-6c54-1014-9bc5-bf4d8f303013	biorxiv-biorxiv	4	3	0	7	0	0.0	0.0	0.0	0.0	2	7	0.2857142857142857	b cell	b lymphocyte
pair:c5dc19ffd627819cb69a	CL:0000236	B cell	B cell	B-lymphocyte	profile:2661388f1f9271401566	profile:d06b51a9656481ea386e	biorxiv:51fac41a-6c0a-1014-9c40-ecb16ebed7ec	hca:0149_10.1038_s41368-023-00238-z_c77e60a0ab	biorxiv-hca	4	9	0	13	0	0.0	0.0	0.0	0.0	2	5	0.0	b cell	b lymphocyte
pair:7984742a89b10012e6a1	CL:0000236	B cell	B cell	B lymphocyte	profile:2ca44ad4a0076b00dcd1	profile:0148080b683c5459abd3	biorxiv:57ac822b-6c7d-1014-a047-d6c2f45edeb7	biorxiv:dbf486c9-6c54-1014-9bc5-bf4d8f303013	biorxiv-biorxiv	3	3	0	6	0	0.0	0.0	0.0	0.0	2	7	0.2857142857142857	b cell	b lymphocyte
pair:ca512c7274cb85b8b4ab	CL:0000236	B cell	B cell	B-lymphocyte	profile:2ca44ad4a0076b00dcd1	profile:d06b51a9656481ea386e	biorxiv:57ac822b-6c7d-1014-a047-d6c2f45edeb7	hca:0149_10.1038_s41368-023-00238-z_c77e60a0ab	biorxiv-hca	3	9	2	10	1	0.2	0.6666666666666666	0.2222222222222222	0.4444444444444444	2	5	0.16666666666666666	b cell	b lymphocyte
pair:349cfa6aebff921a8f60	CL:0000236	B cell	B cell	B lymphocyte	profile:72eaf159412dc70819aa	profile:0148080b683c5459abd3	biorxiv:8f45ef4c-6d70-1014-815c-a556cc0c38ce	biorxiv:dbf486c9-6c54-1014-9bc5-bf4d8f303013	biorxiv-biorxiv	3	3	0	6	0	0.0	0.0	0.0	0.0	0	7	0.0	b cell	b lymphocyte
pair:9bdb4a875a746bf16d37	CL:0000236	B cell	B cell	B-lymphocyte	profile:72eaf159412dc70819aa	profile:d06b51a9656481ea386e	biorxiv:8f45ef4c-6d70-1014-815c-a556cc0c38ce	hca:0149_10.1038_s41368-023-00238-z_c77e60a0ab	biorxiv-hca	3	9	2	10	1	0.2	0.6666666666666666	0.2222222222222222	0.4444444444444444	0	5	0.0	b cell	b lymphocyte
pair:b2c0c03ea53e2d5d9712	CL:0000236	B cell	B cell	B lymphocyte	profile:ebef9507d311dc226815	profile:0148080b683c5459abd3	biorxiv:9c7f8281-6c21-1014-a6df-b6c543b29cb8	biorxiv:dbf486c9-6c54-1014-9bc5-bf4d8f303013	biorxiv-biorxiv	3	3	0	6	0	0.0	0.0	0.0	0.0	1	7	0.0	b cell	b lymphocyte
pair:f35b7634f01fd8d7a58f	CL:0000236	B cell	B cell	B-lymphocyte	profile:ebef9507d311dc226815	profile:d06b51a9656481ea386e	biorxiv:9c7f8281-6c21-1014-a6df-b6c543b29cb8	hca:0149_10.1038_s41368-023-00238-z_c77e60a0ab	biorxiv-hca	3	9	0	12	0	0.0	0.0	0.0	0.0	1	5	0.0	b cell	b lymphocyte
pair:beec6558250c6918a1ac	CL:0000236	B cell	B cell	B lymphocyte	profile:997f9c7158c4acbd1197	profile:0148080b683c5459abd3	biorxiv:ab05f819-6c04-1014-81aa-9646e853264a	biorxiv:dbf486c9-6c54-1014-9bc5-bf4d8f303013	biorxiv-biorxiv	6	3	0	9	0	0.0	0.0	0.0	0.0	13	7	0.17647058823529413	b cell	b lymphocyte
pair:edd6dddd5f404b35621a	CL:0000236	B cell	B cell	B-lymphocyte	profile:997f9c7158c4acbd1197	profile:d06b51a9656481ea386e	biorxiv:ab05f819-6c04-1014-81aa-9646e853264a	hca:0149_10.1038_s41368-023-00238-z_c77e60a0ab	biorxiv-hca	6	9	2	13	1	0.15384615384615385	0.3333333333333333	0.2222222222222222	0.2777777777777778	13	5	0.2857142857142857	b cell	b lymphocyte
pair:8715ac651f9e01197713	CL:0000236	B cell	B cell	B lymphocyte	profile:fed8054493f834af2a58	profile:0148080b683c5459abd3	biorxiv:cf0d429c-6c7f-1014-a5a8-f09b6915373d	biorxiv:dbf486c9-6c54-1014-9bc5-bf4d8f303013	biorxiv-biorxiv	3	3	0	6	0	0.0	0.0	0.0	0.0	13	7	0.05263157894736842	b cell	b lymphocyte
pair:97638486c5e14caf9a66	CL:0000236	B cell	B cell	B-lymphocyte	profile:fed8054493f834af2a58	profile:d06b51a9656481ea386e	biorxiv:cf0d429c-6c7f-1014-a5a8-f09b6915373d	hca:0149_10.1038_s41368-023-00238-z_c77e60a0ab	biorxiv-hca	3	9	1	11	1	0.09090909090909091	0.3333333333333333	0.1111111111111111	0.2222222222222222	13	5	0.2	b cell	b lymphocyte
pair:a4e77e9098f4d980fae3	CL:0000236	B lymphocyte	B lymphocyte	B cell	profile:0148080b683c5459abd3	profile:fe624e9f1e2ccd13a061	biorxiv:dbf486c9-6c54-1014-9bc5-bf4d8f303013	biorxiv:e6e04172-6c15-1014-9229-c57ac33d21f6	biorxiv-biorxiv	3	3	0	6	0	0.0	0.0	0.0	0.0	7	7	0.4	b lymphocyte	b cell
pair:a9b0bf80c1945f9a8773	CL:0000236	B lymphocyte	B lymphocyte	B cell	profile:0148080b683c5459abd3	profile:6580d6ad090174cd6fe1	biorxiv:dbf486c9-6c54-1014-9bc5-bf4d8f303013	hca:0076_10.1016_j.cell.2021.01.053_e0734afb82	biorxiv-hca	3	3	0	6	0	0.0	0.0	0.0	0.0	7	7	0.07692307692307693	b lymphocyte	b cell
pair:4d8a6af52425973eb93b	CL:0000236	B lymphocyte	B lymphocyte	B cell	profile:0148080b683c5459abd3	profile:981e2e3406f3d0fbeb41	biorxiv:dbf486c9-6c54-1014-9bc5-bf4d8f303013	hca:0099_10.1126_sciimmunol.abl9165_5f9974d5f2	biorxiv-hca	3	4	0	7	0	0.0	0.0	0.0	0.0	7	10	0.21428571428571427	b lymphocyte	b cell
pair:63390ce915a7d9ad65ba	CL:0000236	B lymphocyte	B lymphocyte	B cell	profile:0148080b683c5459abd3	profile:f5ad82964ec35d6fa9e7	biorxiv:dbf486c9-6c54-1014-9bc5-bf4d8f303013	hca:0100_10.1038_s41467-021-22804-x_e7667133b9	biorxiv-hca	3	4	0	7	0	0.0	0.0	0.0	0.0	7	7	0.2727272727272727	b lymphocyte	b cell
pair:0831d7d486cf6eff1053	CL:0000236	B lymphocyte	B lymphocyte	B cell	profile:0148080b683c5459abd3	profile:c82b578205f9e23ad3b4	biorxiv:dbf486c9-6c54-1014-9bc5-bf4d8f303013	hca:0117_10.1038_s41586-019-1652-y_d63955188b	biorxiv-hca	3	3	0	6	0	0.0	0.0	0.0	0.0	7	6	0.3	b lymphocyte	b cell
pair:fbc1e79108f6e08bf426	CL:0000236	B lymphocyte	B lymphocyte	B cell	profile:0148080b683c5459abd3	profile:c0a0f52162c744d6a1b0	biorxiv:dbf486c9-6c54-1014-9bc5-bf4d8f303013	hca:0148_10.1113_jp287812_fd3137bc12	biorxiv-hca	3	3	0	6	0	0.0	0.0	0.0	0.0	7	13	0.25	b lymphocyte	b cell
pair:8669c9d8ac6d6acbc138	CL:0000236	B lymphocyte	B lymphocyte	B cell	profile:0148080b683c5459abd3	profile:974f4f610f455bde7ef8	biorxiv:dbf486c9-6c54-1014-9bc5-bf4d8f303013	hca:0164_10.1177_00220345221147908_13bf485ac8	biorxiv-hca	3	4	0	7	0	0.0	0.0	0.0	0.0	7	6	0.18181818181818182	b lymphocyte	b cell
pair:aa34dfcc5987c92a5efd	CL:0000236	B lymphocyte	B lymphocyte	B cell	profile:0148080b683c5459abd3	profile:a10722d10541362ad6fe	biorxiv:dbf486c9-6c54-1014-9bc5-bf4d8f303013	hca:0184_10.1016_j.cell.2021.07.023_f621bea088	biorxiv-hca	3	3	0	6	0	0.0	0.0	0.0	0.0	7	13	0.17647058823529413	b lymphocyte	b cell
pair:9a99c7ccdabaa4212f34	CL:0000236	B lymphocyte	B lymphocyte	B cell	profile:0148080b683c5459abd3	profile:ffd7880a23c15b140a74	biorxiv:dbf486c9-6c54-1014-9bc5-bf4d8f303013	hca:0229_10.15252_msb.20178041_0277072a61	biorxiv-hca	3	4	0	7	0	0.0	0.0	0.0	0.0	7	3	0.1111111111111111	b lymphocyte	b cell
pair:82f4462bacb63d33b18d	CL:0000236	B lymphocyte	B lymphocyte	B cell	profile:0148080b683c5459abd3	profile:cebc7da7e54e53208f9f	biorxiv:dbf486c9-6c54-1014-9bc5-bf4d8f303013	hca:0243_10.1038_s41586-023-05915-x_2f4aafa6a2	biorxiv-hca	3	3	0	6	0	0.0	0.0	0.0	0.0	7	17	0.14285714285714285	b lymphocyte	b cell
pair:f9c6632877a66fe7d57b	CL:0000236	B lymphocyte	B lymphocyte	B cell	profile:0148080b683c5459abd3	profile:d2a86f680f385d750026	biorxiv:dbf486c9-6c54-1014-9bc5-bf4d8f303013	hca:0293_10.1172_jci.insight.150861_5764a5bfad	biorxiv-hca	3	3	0	6	0	0.0	0.0	0.0	0.0	7	5	0.2	b lymphocyte	b cell
pair:d998c6efc021020feb02	CL:0000236	B lymphocyte	B lymphocyte	B cell	profile:0148080b683c5459abd3	profile:df8fe37d6f96003383b5	biorxiv:dbf486c9-6c54-1014-9bc5-bf4d8f303013	hca:0309_10.1101_721258_f9cb0ad906	biorxiv-hca	3	4	0	7	0	0.0	0.0	0.0	0.0	7	5	0.3333333333333333	b lymphocyte	b cell
pair:72b297580345a00f1b31	CL:0000236	B lymphocyte	B lymphocyte	B cell	profile:0148080b683c5459abd3	profile:8dde2d9bac6d029828c7	biorxiv:dbf486c9-6c54-1014-9bc5-bf4d8f303013	hca:0331_10.3389_fdmed.2021.806294_aea78ef1b6	biorxiv-hca	3	4	0	7	0	0.0	0.0	0.0	0.0	7	9	0.23076923076923078	b lymphocyte	b cell
pair:c6c89b314880651472d9	CL:0000236	B lymphocyte	B lymphocyte	B cell	profile:0148080b683c5459abd3	profile:46c8b0ca8d7d33cc909a	biorxiv:dbf486c9-6c54-1014-9bc5-bf4d8f303013	hca:0342_10.18632_aging.203124_280d72e18e	biorxiv-hca	3	3	0	6	0	0.0	0.0	0.0	0.0	7	7	0.16666666666666666	b lymphocyte	b cell
pair:db68cfe161286c02b810	CL:0000236	B lymphocyte	B lymphocyte	B cell	profile:0148080b683c5459abd3	profile:725366d4c444c742e1e1	biorxiv:dbf486c9-6c54-1014-9bc5-bf4d8f303013	hca:0345_10.3389_fimmu.2021.645666_15198bd9bb	biorxiv-hca	3	3	0	6	0	0.0	0.0	0.0	0.0	7	1	0.14285714285714285	b lymphocyte	b cell
pair:3e8e1986a9f913299125	CL:0000236	B lymphocyte	B lymphocyte	B cell	profile:0148080b683c5459abd3	profile:07aeabbcb1021df90e4a	biorxiv:dbf486c9-6c54-1014-9bc5-bf4d8f303013	hca:0350_10.1038_s41421-020-0157-z_3083f6da26	biorxiv-hca	3	5	0	8	0	0.0	0.0	0.0	0.0	7	7	0.2727272727272727	b lymphocyte	b cell
pair:79e8374146cfc603ad7d	CL:0000236	B lymphocyte	B lymphocyte	B cell	profile:0148080b683c5459abd3	profile:dc7feaaf74eec97ad9ce	biorxiv:dbf486c9-6c54-1014-9bc5-bf4d8f303013	hca:0355_10.3389_fgene.2021.745483_5f4326fce7	biorxiv-hca	3	10	0	13	0	0.0	0.0	0.0	0.0	7	4	0.1	b lymphocyte	b cell
pair:fd9a083727c27b40d21b	CL:0000236	B lymphocyte	B lymphocyte	B cell	profile:0148080b683c5459abd3	profile:0e0d4a5f3648eefad284	biorxiv:dbf486c9-6c54-1014-9bc5-bf4d8f303013	hca:0365_10.3389_fendo.2022.874915_81de77d539	biorxiv-hca	3	3	0	6	0	0.0	0.0	0.0	0.0	7	9	0.3333333333333333	b lymphocyte	b cell
pair:4044c1d6f39a1d194d8c	CL:0000236	B lymphocyte	B lymphocyte	B cell	profile:0148080b683c5459abd3	profile:69d00100652ffd969c84	biorxiv:dbf486c9-6c54-1014-9bc5-bf4d8f303013	hca:0394_10.1038_s41591-021-01329-2_7dcc6ae73c	biorxiv-hca	3	3	0	6	0	0.0	0.0	0.0	0.0	7	6	0.18181818181818182	b lymphocyte	b cell
pair:4ee760c0b5c8ebd0371c	CL:0000236	B lymphocyte	B lymphocyte	B cell	profile:0148080b683c5459abd3	profile:e71c5378e055d941c551	biorxiv:dbf486c9-6c54-1014-9bc5-bf4d8f303013	hca:0410_10.3389_fcell.2021.820274_b0973e038f	biorxiv-hca	3	3	0	6	0	0.0	0.0	0.0	0.0	7	12	0.1875	b lymphocyte	b cell
pair:ac9891c60f005374ea47	CL:0000236	B lymphocyte	B lymphocyte	B cell	profile:0148080b683c5459abd3	profile:6b95a24178ecb8993596	biorxiv:dbf486c9-6c54-1014-9bc5-bf4d8f303013	hca:0479_10.1016_j.xcrm.2022.100657_bf09154d98	biorxiv-hca	3	3	0	6	0	0.0	0.0	0.0	0.0	7	11	0.2	b lymphocyte	b cell
pair:338b094c268a994c5aed	CL:0000236	B lymphocyte	B lymphocyte	B cell	profile:0148080b683c5459abd3	profile:9f86cf2a6c588659c0d9	biorxiv:dbf486c9-6c54-1014-9bc5-bf4d8f303013	hca:0481_10.1016_j.immuni.2023.01.002_2da3d3f446	biorxiv-hca	3	6	0	9	0	0.0	0.0	0.0	0.0	7	22	0.11538461538461539	b lymphocyte	b cell
pair:650eada799a1ed82b492	CL:0000236	B lymphocyte	B lymphocyte	B cell	profile:0148080b683c5459abd3	profile:2ffdf539451141d407f7	biorxiv:dbf486c9-6c54-1014-9bc5-bf4d8f303013	hca:0506_10.1038_s41591-022-01680-y_160aaf8b86	biorxiv-hca	3	6	0	9	0	0.0	0.0	0.0	0.0	7	8	0.15384615384615385	b lymphocyte	b cell
pair:03b871e6328041fe5987	CL:0000236	B cell	B cell	B-lymphocyte	profile:fe624e9f1e2ccd13a061	profile:d06b51a9656481ea386e	biorxiv:e6e04172-6c15-1014-9229-c57ac33d21f6	hca:0149_10.1038_s41368-023-00238-z_c77e60a0ab	biorxiv-hca	3	9	1	11	1	0.09090909090909091	0.3333333333333333	0.1111111111111111	0.2222222222222222	7	5	0.2	b cell	b lymphocyte
pair:265d3bf679a3a7a18a07	CL:0000236	B cell	B cell	B-lymphocyte	profile:6580d6ad090174cd6fe1	profile:d06b51a9656481ea386e	hca:0076_10.1016_j.cell.2021.01.053_e0734afb82	hca:0149_10.1038_s41368-023-00238-z_c77e60a0ab	hca-hca	3	9	1	11	1	0.09090909090909091	0.3333333333333333	0.1111111111111111	0.2222222222222222	7	5	0.0	b cell	b lymphocyte
pair:af05bdc8795ce887a5ce	CL:0000236	B cell	B cell	B-lymphocyte	profile:981e2e3406f3d0fbeb41	profile:d06b51a9656481ea386e	hca:0099_10.1126_sciimmunol.abl9165_5f9974d5f2	hca:0149_10.1038_s41368-023-00238-z_c77e60a0ab	hca-hca	4	9	1	12	1	0.08333333333333333	0.25	0.1111111111111111	0.18055555555555555	10	5	0.07142857142857142	b cell	b lymphocyte
pair:f0270536f103d1207cc7	CL:0000236	B cell	B cell	B-lymphocyte	profile:f5ad82964ec35d6fa9e7	profile:d06b51a9656481ea386e	hca:0100_10.1038_s41467-021-22804-x_e7667133b9	hca:0149_10.1038_s41368-023-00238-z_c77e60a0ab	hca-hca	4	9	2	11	1	0.18181818181818182	0.5	0.2222222222222222	0.3611111111111111	7	5	0.09090909090909091	b cell	b lymphocyte
pair:2ec631e41bf799f39178	CL:0000236	B cell	B cell	B-lymphocyte	profile:c82b578205f9e23ad3b4	profile:d06b51a9656481ea386e	hca:0117_10.1038_s41586-019-1652-y_d63955188b	hca:0149_10.1038_s41368-023-00238-z_c77e60a0ab	hca-hca	3	9	0	12	0	0.0	0.0	0.0	0.0	6	5	0.1	b cell	b lymphocyte
pair:1dd076ef3d4e0a1d775a	CL:0000236	B cell	B cell	B-lymphocyte	profile:c0a0f52162c744d6a1b0	profile:d06b51a9656481ea386e	hca:0148_10.1113_jp287812_fd3137bc12	hca:0149_10.1038_s41368-023-00238-z_c77e60a0ab	hca-hca	3	9	1	11	1	0.09090909090909091	0.3333333333333333	0.1111111111111111	0.2222222222222222	13	5	0.125	b cell	b lymphocyte
pair:8cedb880e4ef2a26709c	CL:0000236	B-lymphocyte	B-lymphocyte	B cell	profile:d06b51a9656481ea386e	profile:974f4f610f455bde7ef8	hca:0149_10.1038_s41368-023-00238-z_c77e60a0ab	hca:0164_10.1177_00220345221147908_13bf485ac8	hca-hca	9	4	1	12	1	0.08333333333333333	0.1111111111111111	0.25	0.18055555555555555	5	6	0.2222222222222222	b lymphocyte	b cell
pair:de50981b3f5f869485ab	CL:0000236	B-lymphocyte	B-lymphocyte	B cell	profile:d06b51a9656481ea386e	profile:a10722d10541362ad6fe	hca:0149_10.1038_s41368-023-00238-z_c77e60a0ab	hca:0184_10.1016_j.cell.2021.07.023_f621bea088	hca-hca	9	3	1	11	1	0.09090909090909091	0.1111111111111111	0.3333333333333333	0.2222222222222222	5	13	0.058823529411764705	b lymphocyte	b cell
pair:9da42ff3409c47913d02	CL:0000236	B-lymphocyte	B-lymphocyte	B cell	profile:d06b51a9656481ea386e	profile:ffd7880a23c15b140a74	hca:0149_10.1038_s41368-023-00238-z_c77e60a0ab	hca:0229_10.15252_msb.20178041_0277072a61	hca-hca	9	4	3	10	1	0.3	0.3333333333333333	0.75	0.5416666666666666	5	3	0.14285714285714285	b lymphocyte	b cell
pair:d73fa744cdaaf1710b6f	CL:0000236	B-lymphocyte	B-lymphocyte	B cell	profile:d06b51a9656481ea386e	profile:cebc7da7e54e53208f9f	hca:0149_10.1038_s41368-023-00238-z_c77e60a0ab	hca:0243_10.1038_s41586-023-05915-x_2f4aafa6a2	hca-hca	9	3	2	10	1	0.2	0.2222222222222222	0.6666666666666666	0.4444444444444444	5	17	0.047619047619047616	b lymphocyte	b cell
pair:7f4f7bf58dfc982bce25	CL:0000236	B-lymphocyte	B-lymphocyte	B cell	profile:d06b51a9656481ea386e	profile:d2a86f680f385d750026	hca:0149_10.1038_s41368-023-00238-z_c77e60a0ab	hca:0293_10.1172_jci.insight.150861_5764a5bfad	hca-hca	9	3	2	10	1	0.2	0.2222222222222222	0.6666666666666666	0.4444444444444444	5	5	0.25	b lymphocyte	b cell
pair:7d2b33b5fddbec4fbdfa	CL:0000236	B-lymphocyte	B-lymphocyte	B cell	profile:d06b51a9656481ea386e	profile:df8fe37d6f96003383b5	hca:0149_10.1038_s41368-023-00238-z_c77e60a0ab	hca:0309_10.1101_721258_f9cb0ad906	hca-hca	9	4	1	12	1	0.08333333333333333	0.1111111111111111	0.25	0.18055555555555555	5	5	0.1111111111111111	b lymphocyte	b cell
pair:b0166cdf63420e3cf070	CL:0000236	B-lymphocyte	B-lymphocyte	B cell	profile:d06b51a9656481ea386e	profile:8dde2d9bac6d029828c7	hca:0149_10.1038_s41368-023-00238-z_c77e60a0ab	hca:0331_10.3389_fdmed.2021.806294_aea78ef1b6	hca-hca	9	4	1	12	1	0.08333333333333333	0.1111111111111111	0.25	0.18055555555555555	5	9	0.4	b lymphocyte	b cell
pair:8bc36831f0af1adb2584	CL:0000236	B-lymphocyte	B-lymphocyte	B cell	profile:d06b51a9656481ea386e	profile:46c8b0ca8d7d33cc909a	hca:0149_10.1038_s41368-023-00238-z_c77e60a0ab	hca:0342_10.18632_aging.203124_280d72e18e	hca-hca	9	3	2	10	1	0.2	0.2222222222222222	0.6666666666666666	0.4444444444444444	5	7	0.2	b lymphocyte	b cell
pair:2a5b334635a4183b9cfb	CL:0000236	B-lymphocyte	B-lymphocyte	B cell	profile:d06b51a9656481ea386e	profile:725366d4c444c742e1e1	hca:0149_10.1038_s41368-023-00238-z_c77e60a0ab	hca:0345_10.3389_fimmu.2021.645666_15198bd9bb	hca-hca	9	3	1	11	1	0.09090909090909091	0.1111111111111111	0.3333333333333333	0.2222222222222222	5	1	0.0	b lymphocyte	b cell
pair:71e296884bd4e5be2a04	CL:0000236	B-lymphocyte	B-lymphocyte	B cell	profile:d06b51a9656481ea386e	profile:07aeabbcb1021df90e4a	hca:0149_10.1038_s41368-023-00238-z_c77e60a0ab	hca:0350_10.1038_s41421-020-0157-z_3083f6da26	hca-hca	9	5	2	12	1	0.16666666666666666	0.2222222222222222	0.4	0.3111111111111111	5	7	0.2	b lymphocyte	b cell
pair:1b84d707ba28eb10b8c3	CL:0000236	B-lymphocyte	B-lymphocyte	B cell	profile:d06b51a9656481ea386e	profile:dc7feaaf74eec97ad9ce	hca:0149_10.1038_s41368-023-00238-z_c77e60a0ab	hca:0355_10.3389_fgene.2021.745483_5f4326fce7	hca-hca	9	10	2	17	1	0.11764705882352941	0.2222222222222222	0.2	0.2111111111111111	5	4	0.125	b lymphocyte	b cell
pair:bffa9d439a0cd94f5616	CL:0000236	B-lymphocyte	B-lymphocyte	B cell	profile:d06b51a9656481ea386e	profile:0e0d4a5f3648eefad284	hca:0149_10.1038_s41368-023-00238-z_c77e60a0ab	hca:0365_10.3389_fendo.2022.874915_81de77d539	hca-hca	9	3	0	12	0	0.0	0.0	0.0	0.0	5	9	0.4	b lymphocyte	b cell
pair:92385d9bc9d2310c220c	CL:0000236	B-lymphocyte	B-lymphocyte	B cell	profile:d06b51a9656481ea386e	profile:69d00100652ffd969c84	hca:0149_10.1038_s41368-023-00238-z_c77e60a0ab	hca:0394_10.1038_s41591-021-01329-2_7dcc6ae73c	hca-hca	9	3	0	12	0	0.0	0.0	0.0	0.0	5	6	0.1	b lymphocyte	b cell
pair:b7bc3aa154293e0ca917	CL:0000236	B-lymphocyte	B-lymphocyte	B cell	profile:d06b51a9656481ea386e	profile:e71c5378e055d941c551	hca:0149_10.1038_s41368-023-00238-z_c77e60a0ab	hca:0410_10.3389_fcell.2021.820274_b0973e038f	hca-hca	9	3	1	11	1	0.09090909090909091	0.1111111111111111	0.3333333333333333	0.2222222222222222	5	12	0.3076923076923077	b lymphocyte	b cell
pair:22fe0fc503a5f6f73a3a	CL:0000236	B-lymphocyte	B-lymphocyte	B cell	profile:d06b51a9656481ea386e	profile:6b95a24178ecb8993596	hca:0149_10.1038_s41368-023-00238-z_c77e60a0ab	hca:0479_10.1016_j.xcrm.2022.100657_bf09154d98	hca-hca	9	3	1	11	1	0.09090909090909091	0.1111111111111111	0.3333333333333333	0.2222222222222222	5	11	0.14285714285714285	b lymphocyte	b cell
pair:9fe67aba7ec3e970109f	CL:0000236	B-lymphocyte	B-lymphocyte	B cell	profile:d06b51a9656481ea386e	profile:9f86cf2a6c588659c0d9	hca:0149_10.1038_s41368-023-00238-z_c77e60a0ab	hca:0481_10.1016_j.immuni.2023.01.002_2da3d3f446	hca-hca	9	6	2	13	1	0.15384615384615385	0.2222222222222222	0.3333333333333333	0.2777777777777778	5	22	0.125	b lymphocyte	b cell
pair:68c079d2b6e5b307b257	CL:0000236	B-lymphocyte	B-lymphocyte	B cell	profile:d06b51a9656481ea386e	profile:2ffdf539451141d407f7	hca:0149_10.1038_s41368-023-00238-z_c77e60a0ab	hca:0506_10.1038_s41591-022-01680-y_160aaf8b86	hca-hca	9	6	4	11	1	0.36363636363636365	0.4444444444444444	0.6666666666666666	0.5555555555555556	5	8	0.08333333333333333	b lymphocyte	b cell
pair:eb74ab040c7a21a4fa77	CL:0000786	plasma cell	plasma cell	plasma B cell	profile:8d15807a0416a3f7482e	profile:342f44a787f92546067c	biorxiv:03092aac-75a4-1014-b9cc-d44d468fbd97	biorxiv:ab05f819-6c04-1014-81aa-9646e853264a	biorxiv-biorxiv	3	3	0	6	0	0.0	0.0	0.0	0.0	13	13	0.3684210526315789	plasma cell	plasma b cell
pair:82a2cf65b9ba28b5dc60	CL:0000786	plasma cell	plasma cell	plasma B cell	profile:8d15807a0416a3f7482e	profile:708deb1e346f4da2428a	biorxiv:03092aac-75a4-1014-b9cc-d44d468fbd97	hca:0378_10.1101_2022.06.17.496207_92cb140ff3	biorxiv-hca	3	3	2	4	1	0.5	0.6666666666666666	0.6666666666666666	0.6666666666666666	13	9	0.4666666666666667	plasma cell	plasma b cell
pair:3656f941a7d137ae14e6	CL:0000786	plasma cell	plasma cell	plasma B cell	profile:8d15807a0416a3f7482e	profile:a6027db8ffd465fbbb7a	biorxiv:03092aac-75a4-1014-b9cc-d44d468fbd97	hca:0420_10.1111_cas.15979_052ebae233	biorxiv-hca	3	11	1	13	1	0.07692307692307693	0.3333333333333333	0.09090909090909091	0.2121212121212121	13	10	0.09523809523809523	plasma cell	plasma b cell
pair:df5e3510869a12b84a9b	CL:0000786	plasma cell	plasma cell	plasma B cell	profile:0eb93b6f3f10376dcc49	profile:342f44a787f92546067c	biorxiv:446f40c7-6f7f-1014-8708-b70b3848c315	biorxiv:ab05f819-6c04-1014-81aa-9646e853264a	biorxiv-biorxiv	4	3	0	7	0	0.0	0.0	0.0	0.0	16	13	0.20833333333333334	plasma cell	plasma b cell
pair:f4f0048a68a111c64ced	CL:0000786	plasma cell	plasma cell	plasma B cell	profile:0eb93b6f3f10376dcc49	profile:708deb1e346f4da2428a	biorxiv:446f40c7-6f7f-1014-8708-b70b3848c315	hca:0378_10.1101_2022.06.17.496207_92cb140ff3	biorxiv-hca	4	3	0	7	0	0.0	0.0	0.0	0.0	16	9	0.19047619047619047	plasma cell	plasma b cell
pair:292b44d6c76fc7495107	CL:0000786	plasma cell	plasma cell	plasma B cell	profile:0eb93b6f3f10376dcc49	profile:a6027db8ffd465fbbb7a	biorxiv:446f40c7-6f7f-1014-8708-b70b3848c315	hca:0420_10.1111_cas.15979_052ebae233	biorxiv-hca	4	11	1	14	1	0.07142857142857142	0.25	0.09090909090909091	0.17045454545454547	16	10	0.0	plasma cell	plasma b cell
pair:2db805389d1652abc1a1	CL:0000786	plasma cell	plasma cell	plasma B cell	profile:6886c4956173b6c10daf	profile:342f44a787f92546067c	biorxiv:64ab9878-6ed8-1014-99e3-9a1ae6ef730b	biorxiv:ab05f819-6c04-1014-81aa-9646e853264a	biorxiv-biorxiv	3	3	1	5	1	0.2	0.3333333333333333	0.3333333333333333	0.3333333333333333	0	13	0.0	plasma cell	plasma b cell
pair:a3370cdbabcf342a6c33	CL:0000786	plasma cell	plasma cell	plasma B cell	profile:6886c4956173b6c10daf	profile:708deb1e346f4da2428a	biorxiv:64ab9878-6ed8-1014-99e3-9a1ae6ef730b	hca:0378_10.1101_2022.06.17.496207_92cb140ff3	biorxiv-hca	3	3	0	6	0	0.0	0.0	0.0	0.0	0	9	0.0	plasma cell	plasma b cell
pair:9593ac58e8c23af9b453	CL:0000786	plasma cell	plasma cell	plasma B cell	profile:6886c4956173b6c10daf	profile:a6027db8ffd465fbbb7a	biorxiv:64ab9878-6ed8-1014-99e3-9a1ae6ef730b	hca:0420_10.1111_cas.15979_052ebae233	biorxiv-hca	3	11	1	13	1	0.07692307692307693	0.3333333333333333	0.09090909090909091	0.2121212121212121	0	10	0.0	plasma cell	plasma b cell
pair:9a7b078a8789c95216b1	CL:0000786	plasma cell	plasma cell	plasma B cell	profile:04d0a596e4fe2c82988f	profile:342f44a787f92546067c	biorxiv:653bfd04-6cbf-1014-864b-c74846f5cd96	biorxiv:ab05f819-6c04-1014-81aa-9646e853264a	biorxiv-biorxiv	8	3	2	9	1	0.2222222222222222	0.25	0.6666666666666666	0.4583333333333333	1	13	0.0	plasma cell	plasma b cell
pair:e0f09339ffbeea1f0135	CL:0000786	plasma cell	plasma cell	plasma B cell	profile:04d0a596e4fe2c82988f	profile:708deb1e346f4da2428a	biorxiv:653bfd04-6cbf-1014-864b-c74846f5cd96	hca:0378_10.1101_2022.06.17.496207_92cb140ff3	biorxiv-hca	8	3	1	10	1	0.1	0.125	0.3333333333333333	0.22916666666666666	1	9	0.0	plasma cell	plasma b cell
pair:fd461b0bf6efcc618215	CL:0000786	plasma cell	plasma cell	plasma B cell	profile:04d0a596e4fe2c82988f	profile:a6027db8ffd465fbbb7a	biorxiv:653bfd04-6cbf-1014-864b-c74846f5cd96	hca:0420_10.1111_cas.15979_052ebae233	biorxiv-hca	8	11	1	18	1	0.05555555555555555	0.125	0.09090909090909091	0.10795454545454546	1	10	0.0	plasma cell	plasma b cell
pair:01acf482945c0bc55f1a	CL:0000786	plasma cell	plasma cell	plasma B cell	profile:2b67441414fc9e87302a	profile:342f44a787f92546067c	biorxiv:7325dd4b-6f8e-1014-8543-942cb0c9e964	biorxiv:ab05f819-6c04-1014-81aa-9646e853264a	biorxiv-biorxiv	4	3	1	6	1	0.16666666666666666	0.25	0.3333333333333333	0.29166666666666663	0	13	0.0	plasma cell	plasma b cell
pair:ea97804ad2fcfa29fce7	CL:0000786	plasma cell	plasma cell	plasma B cell	profile:2b67441414fc9e87302a	profile:708deb1e346f4da2428a	biorxiv:7325dd4b-6f8e-1014-8543-942cb0c9e964	hca:0378_10.1101_2022.06.17.496207_92cb140ff3	biorxiv-hca	4	3	0	7	0	0.0	0.0	0.0	0.0	0	9	0.0	plasma cell	plasma b cell
pair:3194023715d63a4eda51	CL:0000786	plasma cell	plasma cell	plasma B cell	profile:2b67441414fc9e87302a	profile:a6027db8ffd465fbbb7a	biorxiv:7325dd4b-6f8e-1014-8543-942cb0c9e964	hca:0420_10.1111_cas.15979_052ebae233	biorxiv-hca	4	11	1	14	1	0.07142857142857142	0.25	0.09090909090909091	0.17045454545454547	0	10	0.0	plasma cell	plasma b cell
pair:21573560a3e3d61f5c11	CL:0000786	plasma B cell	plasma B cell	plasma cell	profile:342f44a787f92546067c	profile:7425380ef2ed73c9436a	biorxiv:ab05f819-6c04-1014-81aa-9646e853264a	biorxiv:d2042444-7138-1014-94ac-a1f590fd3173	biorxiv-biorxiv	3	3	0	6	0	0.0	0.0	0.0	0.0	13	13	0.3684210526315789	plasma b cell	plasma cell
pair:6cf9386c1c218373f36d	CL:0000786	plasma B cell	plasma B cell	plasma cell	profile:342f44a787f92546067c	profile:c9f439bcb0f46a17db34	biorxiv:ab05f819-6c04-1014-81aa-9646e853264a	biorxiv:eda68d46-7b76-1014-b9f8-bf62f9afae8d	biorxiv-biorxiv	3	4	0	7	0	0.0	0.0	0.0	0.0	13	3	0.14285714285714285	plasma b cell	plasma cell
pair:693f84e533a23229c8dc	CL:0000786	plasma B cell	plasma B cell	plasma cell	profile:342f44a787f92546067c	profile:a2213e3d5a997dd624cc	biorxiv:ab05f819-6c04-1014-81aa-9646e853264a	hca:0058_10.1016_j.immuni.2024.01.006_4c90d18ac6	biorxiv-hca	3	5	1	7	1	0.14285714285714285	0.3333333333333333	0.2	0.26666666666666666	13	5	0.058823529411764705	plasma b cell	plasma cell
pair:5b096b08086464c17da0	CL:0000786	plasma B cell	plasma B cell	plasma cell	profile:342f44a787f92546067c	profile:598fc3e3739199fc5e42	biorxiv:ab05f819-6c04-1014-81aa-9646e853264a	hca:0068_10.1093_ibd_izac201_351dddd961	biorxiv-hca	3	4	0	7	0	0.0	0.0	0.0	0.0	13	11	0.09090909090909091	plasma b cell	plasma cell
pair:e39ca4de3cfb744cb19f	CL:0000786	plasma B cell	plasma B cell	plasma cell	profile:342f44a787f92546067c	profile:f0434505f3d6fdac6a88	biorxiv:ab05f819-6c04-1014-81aa-9646e853264a	hca:0076_10.1016_j.cell.2021.01.053_e0734afb82	biorxiv-hca	3	4	1	6	1	0.16666666666666666	0.3333333333333333	0.25	0.29166666666666663	13	7	0.25	plasma b cell	plasma cell
pair:a1cccba18b80c87f244e	CL:0000786	plasma B cell	plasma B cell	plasma cell	profile:342f44a787f92546067c	profile:3b5d4643e75d876c8777	biorxiv:ab05f819-6c04-1014-81aa-9646e853264a	hca:0077_10.1038_s41587-020-0602-4_e82c5c2835	biorxiv-hca	3	3	1	5	1	0.2	0.3333333333333333	0.3333333333333333	0.3333333333333333	13	3	0.06666666666666667	plasma b cell	plasma cell
pair:75b95b6f36f6fc43460a	CL:0000786	plasma B cell	plasma B cell	plasma cell	profile:342f44a787f92546067c	profile:b96412491fdbbdf78a0c	biorxiv:ab05f819-6c04-1014-81aa-9646e853264a	hca:0100_10.1038_s41467-021-22804-x_e7667133b9	biorxiv-hca	3	6	1	8	1	0.125	0.3333333333333333	0.16666666666666666	0.25	13	7	0.17647058823529413	plasma b cell	plasma cell
pair:43f4fc456a7523ef48b4	CL:0000786	plasma B cell	plasma B cell	plasma cell	profile:342f44a787f92546067c	profile:1dda0718b9592c0cd175	biorxiv:ab05f819-6c04-1014-81aa-9646e853264a	hca:0130_10.1038_s41422-020-00455-9_6ab85d317a	biorxiv-hca	3	3	0	6	0	0.0	0.0	0.0	0.0	13	2	0.15384615384615385	plasma b cell	plasma cell
pair:df816194d34642f6df8f	CL:0000786	plasma B cell	plasma B cell	plasma cell	profile:342f44a787f92546067c	profile:1ede0f3b056be2ec27dc	biorxiv:ab05f819-6c04-1014-81aa-9646e853264a	hca:0135_10.1016_j.cell.2022.06.007_78f5f057fa	biorxiv-hca	3	3	2	4	1	0.5	0.6666666666666666	0.6666666666666666	0.6666666666666666	13	1	0.07692307692307693	plasma b cell	plasma cell
pair:eb5d1d7a0544bcdd35c2	CL:0000786	plasma B cell	plasma B cell	plasma cell	profile:342f44a787f92546067c	profile:9dcdc0e896a9fc39f683	biorxiv:ab05f819-6c04-1014-81aa-9646e853264a	hca:0228_10.1128_mbio.02583-20_5085db2792	biorxiv-hca	3	4	1	6	1	0.16666666666666666	0.3333333333333333	0.25	0.29166666666666663	13	8	0.23529411764705882	plasma b cell	plasma cell
pair:2f785301451a598db4d6	CL:0000786	plasma B cell	plasma B cell	plasma cell	profile:342f44a787f92546067c	profile:916234b5506e373c3959	biorxiv:ab05f819-6c04-1014-81aa-9646e853264a	hca:0233_10.1038_s41590-025-02241-4_110ace5bba	biorxiv-hca	3	6	1	8	1	0.125	0.3333333333333333	0.16666666666666666	0.25	13	10	0.09523809523809523	plasma b cell	plasma cell
pair:4b50cae0a813f2aa6a18	CL:0000786	plasma B cell	plasma B cell	plasma cell	profile:342f44a787f92546067c	profile:ea0310e2ab8d339cb610	biorxiv:ab05f819-6c04-1014-81aa-9646e853264a	hca:0309_10.1101_721258_f9cb0ad906	biorxiv-hca	3	5	1	7	1	0.14285714285714285	0.3333333333333333	0.2	0.26666666666666666	13	5	0.2857142857142857	plasma b cell	plasma cell
pair:ae6570ec292810d064ec	CL:0000786	plasma B cell	plasma B cell	plasma cell	profile:342f44a787f92546067c	profile:1760e27f419c66f29b5d	biorxiv:ab05f819-6c04-1014-81aa-9646e853264a	hca:0331_10.3389_fdmed.2021.806294_aea78ef1b6	biorxiv-hca	3	4	0	7	0	0.0	0.0	0.0	0.0	13	9	0.375	plasma b cell	plasma cell
pair:be0e197a88d0a1c106be	CL:0000786	plasma B cell	plasma B cell	plasma cell	profile:342f44a787f92546067c	profile:db67f6761473c9389f33	biorxiv:ab05f819-6c04-1014-81aa-9646e853264a	hca:0355_10.3389_fgene.2021.745483_5f4326fce7	biorxiv-hca	3	10	1	12	1	0.08333333333333333	0.3333333333333333	0.1	0.21666666666666667	13	4	0.13333333333333333	plasma b cell	plasma cell
pair:7b10cc58272eae8dd7f8	CL:0000786	plasma B cell	plasma B cell	plasma cell	profile:342f44a787f92546067c	profile:ecc0dd59325ba3a17667	biorxiv:ab05f819-6c04-1014-81aa-9646e853264a	hca:0368_10.1016_j.cell.2019.08.008_98c14c4ebe	biorxiv-hca	3	12	1	14	1	0.07142857142857142	0.3333333333333333	0.08333333333333333	0.20833333333333331	13	11	0.09090909090909091	plasma b cell	plasma cell
pair:638118992805bd9ff996	CL:0000786	plasma B cell	plasma B cell	plasma cell	profile:342f44a787f92546067c	profile:e6b3cf3916232e801a76	biorxiv:ab05f819-6c04-1014-81aa-9646e853264a	hca:0481_10.1016_j.immuni.2023.01.002_2da3d3f446	biorxiv-hca	3	4	1	6	1	0.16666666666666666	0.3333333333333333	0.25	0.29166666666666663	13	22	0.20689655172413793	plasma b cell	plasma cell
pair:69c96299ee62739a843f	CL:0000786	plasma B cell	plasma B cell	plasma cell	profile:342f44a787f92546067c	profile:5e2bcf99b3b52ec0687d	biorxiv:ab05f819-6c04-1014-81aa-9646e853264a	hca:0506_10.1038_s41591-022-01680-y_160aaf8b86	biorxiv-hca	3	6	2	7	1	0.2857142857142857	0.6666666666666666	0.3333333333333333	0.5	13	8	0.23529411764705882	plasma b cell	plasma cell
pair:1c91fc6fe6f9d3e56103	CL:0000786	plasma B cell	plasma B cell	plasma cell	profile:342f44a787f92546067c	profile:68dd9ae207021b118447	biorxiv:ab05f819-6c04-1014-81aa-9646e853264a	hca:0513_10.1186_s13059-019-1906-x_0a4cb34cd5	biorxiv-hca	3	3	0	6	0	0.0	0.0	0.0	0.0	13	4	0.0	plasma b cell	plasma cell
pair:efb1d739308e6e16ac23	CL:0000786	plasma cell	plasma cell	plasma B cell	profile:7425380ef2ed73c9436a	profile:708deb1e346f4da2428a	biorxiv:d2042444-7138-1014-94ac-a1f590fd3173	hca:0378_10.1101_2022.06.17.496207_92cb140ff3	biorxiv-hca	3	3	2	4	1	0.5	0.6666666666666666	0.6666666666666666	0.6666666666666666	13	9	0.5714285714285714	plasma cell	plasma b cell
pair:eec47943124a71c9c3c3	CL:0000786	plasma cell	plasma cell	plasma B cell	profile:7425380ef2ed73c9436a	profile:a6027db8ffd465fbbb7a	biorxiv:d2042444-7138-1014-94ac-a1f590fd3173	hca:0420_10.1111_cas.15979_052ebae233	biorxiv-hca	3	11	2	12	1	0.16666666666666666	0.6666666666666666	0.18181818181818182	0.4242424242424242	13	10	0.15	plasma cell	plasma b cell
pair:3df1375fb136204ded34	CL:0000786	plasma cell	plasma cell	plasma B cell	profile:c9f439bcb0f46a17db34	profile:708deb1e346f4da2428a	biorxiv:eda68d46-7b76-1014-b9f8-bf62f9afae8d	hca:0378_10.1101_2022.06.17.496207_92cb140ff3	biorxiv-hca	4	3	1	6	1	0.16666666666666666	0.25	0.3333333333333333	0.29166666666666663	3	9	0.09090909090909091	plasma cell	plasma b cell
pair:054bae8abf766876ecce	CL:0000786	plasma cell	plasma cell	plasma B cell	profile:c9f439bcb0f46a17db34	profile:a6027db8ffd465fbbb7a	biorxiv:eda68d46-7b76-1014-b9f8-bf62f9afae8d	hca:0420_10.1111_cas.15979_052ebae233	biorxiv-hca	4	11	3	12	1	0.25	0.75	0.2727272727272727	0.5113636363636364	3	10	0.0	plasma cell	plasma b cell
pair:36c503183227d2852aa4	CL:0000786	plasma cell	plasma cell	plasma B cell	profile:a2213e3d5a997dd624cc	profile:708deb1e346f4da2428a	hca:0058_10.1016_j.immuni.2024.01.006_4c90d18ac6	hca:0378_10.1101_2022.06.17.496207_92cb140ff3	hca-hca	5	3	1	7	1	0.14285714285714285	0.2	0.3333333333333333	0.26666666666666666	5	9	0.07692307692307693	plasma cell	plasma b cell
pair:a6ee02be6905b8a8358f	CL:0000786	plasma cell	plasma cell	plasma B cell	profile:a2213e3d5a997dd624cc	profile:a6027db8ffd465fbbb7a	hca:0058_10.1016_j.immuni.2024.01.006_4c90d18ac6	hca:0420_10.1111_cas.15979_052ebae233	hca-hca	5	11	0	16	0	0.0	0.0	0.0	0.0	5	10	0.0	plasma cell	plasma b cell
pair:a127cd0fc6fe29de7ee9	CL:0000786	plasma cell	plasma cell	plasma B cell	profile:598fc3e3739199fc5e42	profile:708deb1e346f4da2428a	hca:0068_10.1093_ibd_izac201_351dddd961	hca:0378_10.1101_2022.06.17.496207_92cb140ff3	hca-hca	4	3	2	5	1	0.4	0.5	0.6666666666666666	0.5833333333333333	11	9	0.17647058823529413	plasma cell	plasma b cell
pair:f8371a6600383f56e8d8	CL:0000786	plasma cell	plasma cell	plasma B cell	profile:598fc3e3739199fc5e42	profile:a6027db8ffd465fbbb7a	hca:0068_10.1093_ibd_izac201_351dddd961	hca:0420_10.1111_cas.15979_052ebae233	hca-hca	4	11	1	14	1	0.07142857142857142	0.25	0.09090909090909091	0.17045454545454547	11	10	0.05	plasma cell	plasma b cell
pair:69726172173e87b6d498	CL:0000786	plasma cell	plasma cell	plasma B cell	profile:f0434505f3d6fdac6a88	profile:708deb1e346f4da2428a	hca:0076_10.1016_j.cell.2021.01.053_e0734afb82	hca:0378_10.1101_2022.06.17.496207_92cb140ff3	hca-hca	4	3	0	7	0	0.0	0.0	0.0	0.0	7	9	0.23076923076923078	plasma cell	plasma b cell
pair:07997877bdeb15eb8008	CL:0000786	plasma cell	plasma cell	plasma B cell	profile:f0434505f3d6fdac6a88	profile:a6027db8ffd465fbbb7a	hca:0076_10.1016_j.cell.2021.01.053_e0734afb82	hca:0420_10.1111_cas.15979_052ebae233	hca-hca	4	11	0	15	0	0.0	0.0	0.0	0.0	7	10	0.0625	plasma cell	plasma b cell
pair:d64b82df468b84e70a39	CL:0000786	plasma cell	plasma cell	plasma B cell	profile:3b5d4643e75d876c8777	profile:708deb1e346f4da2428a	hca:0077_10.1038_s41587-020-0602-4_e82c5c2835	hca:0378_10.1101_2022.06.17.496207_92cb140ff3	hca-hca	3	3	0	6	0	0.0	0.0	0.0	0.0	3	9	0.09090909090909091	plasma cell	plasma b cell
pair:3e1d25a72b81e2760e01	CL:0000786	plasma cell	plasma cell	plasma B cell	profile:3b5d4643e75d876c8777	profile:a6027db8ffd465fbbb7a	hca:0077_10.1038_s41587-020-0602-4_e82c5c2835	hca:0420_10.1111_cas.15979_052ebae233	hca-hca	3	11	1	13	1	0.07692307692307693	0.3333333333333333	0.09090909090909091	0.2121212121212121	3	10	0.0	plasma cell	plasma b cell
pair:cd83a042786cfba0200f	CL:0000786	plasma cell	plasma cell	plasma B cell	profile:b96412491fdbbdf78a0c	profile:708deb1e346f4da2428a	hca:0100_10.1038_s41467-021-22804-x_e7667133b9	hca:0378_10.1101_2022.06.17.496207_92cb140ff3	hca-hca	6	3	2	7	1	0.2857142857142857	0.3333333333333333	0.6666666666666666	0.5	7	9	0.45454545454545453	plasma cell	plasma b cell
pair:e682107244d051a4d3d0	CL:0000786	plasma cell	plasma cell	plasma B cell	profile:b96412491fdbbdf78a0c	profile:a6027db8ffd465fbbb7a	hca:0100_10.1038_s41467-021-22804-x_e7667133b9	hca:0420_10.1111_cas.15979_052ebae233	hca-hca	6	11	0	17	0	0.0	0.0	0.0	0.0	7	10	0.0625	plasma cell	plasma b cell
pair:6be384db83701fdf452d	CL:0000786	plasma cell	plasma cell	plasma B cell	profile:1dda0718b9592c0cd175	profile:708deb1e346f4da2428a	hca:0130_10.1038_s41422-020-00455-9_6ab85d317a	hca:0378_10.1101_2022.06.17.496207_92cb140ff3	hca-hca	3	3	1	5	1	0.2	0.3333333333333333	0.3333333333333333	0.3333333333333333	2	9	0.1	plasma cell	plasma b cell
pair:270320f278a03498f2e3	CL:0000786	plasma cell	plasma cell	plasma B cell	profile:1dda0718b9592c0cd175	profile:a6027db8ffd465fbbb7a	hca:0130_10.1038_s41422-020-00455-9_6ab85d317a	hca:0420_10.1111_cas.15979_052ebae233	hca-hca	3	11	1	13	1	0.07692307692307693	0.3333333333333333	0.09090909090909091	0.2121212121212121	2	10	0.09090909090909091	plasma cell	plasma b cell
pair:cc3f535223cc2ed8d1f3	CL:0000786	plasma cell	plasma cell	plasma B cell	profile:1ede0f3b056be2ec27dc	profile:708deb1e346f4da2428a	hca:0135_10.1016_j.cell.2022.06.007_78f5f057fa	hca:0378_10.1101_2022.06.17.496207_92cb140ff3	hca-hca	3	3	0	6	0	0.0	0.0	0.0	0.0	1	9	0.0	plasma cell	plasma b cell
pair:a9ff52498f52a78e0448	CL:0000786	plasma cell	plasma cell	plasma B cell	profile:1ede0f3b056be2ec27dc	profile:a6027db8ffd465fbbb7a	hca:0135_10.1016_j.cell.2022.06.007_78f5f057fa	hca:0420_10.1111_cas.15979_052ebae233	hca-hca	3	11	1	13	1	0.07692307692307693	0.3333333333333333	0.09090909090909091	0.2121212121212121	1	10	0.1	plasma cell	plasma b cell
pair:27a22f876d9ea443c8e8	CL:0000786	plasma cell	plasma cell	plasma B cell	profile:9dcdc0e896a9fc39f683	profile:708deb1e346f4da2428a	hca:0228_10.1128_mbio.02583-20_5085db2792	hca:0378_10.1101_2022.06.17.496207_92cb140ff3	hca-hca	4	3	0	7	0	0.0	0.0	0.0	0.0	8	9	0.4166666666666667	plasma cell	plasma b cell
pair:05175b2bb1273d4ed68e	CL:0000786	plasma cell	plasma cell	plasma B cell	profile:9dcdc0e896a9fc39f683	profile:a6027db8ffd465fbbb7a	hca:0228_10.1128_mbio.02583-20_5085db2792	hca:0420_10.1111_cas.15979_052ebae233	hca-hca	4	11	2	13	1	0.15384615384615385	0.5	0.18181818181818182	0.34090909090909094	8	10	0.125	plasma cell	plasma b cell
pair:fabd08ef075e4a5101e0	CL:0000786	plasma cell	plasma cell	plasma B cell	profile:916234b5506e373c3959	profile:708deb1e346f4da2428a	hca:0233_10.1038_s41590-025-02241-4_110ace5bba	hca:0378_10.1101_2022.06.17.496207_92cb140ff3	hca-hca	6	3	0	9	0	0.0	0.0	0.0	0.0	10	9	0.1875	plasma cell	plasma b cell
pair:f6c1a33a1b01949076ce	CL:0000786	plasma cell	plasma cell	plasma B cell	profile:916234b5506e373c3959	profile:a6027db8ffd465fbbb7a	hca:0233_10.1038_s41590-025-02241-4_110ace5bba	hca:0420_10.1111_cas.15979_052ebae233	hca-hca	6	11	0	17	0	0.0	0.0	0.0	0.0	10	10	0.17647058823529413	plasma cell	plasma b cell
pair:c5cd264614d4e4d1322c	CL:0000786	plasma cell	plasma cell	plasma B cell	profile:ea0310e2ab8d339cb610	profile:708deb1e346f4da2428a	hca:0309_10.1101_721258_f9cb0ad906	hca:0378_10.1101_2022.06.17.496207_92cb140ff3	hca-hca	5	3	0	8	0	0.0	0.0	0.0	0.0	5	9	0.2727272727272727	plasma cell	plasma b cell
pair:61ed0495ae9e79627c48	CL:0000786	plasma cell	plasma cell	plasma B cell	profile:ea0310e2ab8d339cb610	profile:a6027db8ffd465fbbb7a	hca:0309_10.1101_721258_f9cb0ad906	hca:0420_10.1111_cas.15979_052ebae233	hca-hca	5	11	2	14	1	0.14285714285714285	0.4	0.18181818181818182	0.2909090909090909	5	10	0.0	plasma cell	plasma b cell
pair:acf1c594d1607614c021	CL:0000786	plasma cell	plasma cell	plasma B cell	profile:1760e27f419c66f29b5d	profile:708deb1e346f4da2428a	hca:0331_10.3389_fdmed.2021.806294_aea78ef1b6	hca:0378_10.1101_2022.06.17.496207_92cb140ff3	hca-hca	4	3	0	7	0	0.0	0.0	0.0	0.0	9	9	0.38461538461538464	plasma cell	plasma b cell
pair:edb108052052c2839a81	CL:0000786	plasma cell	plasma cell	plasma B cell	profile:1760e27f419c66f29b5d	profile:a6027db8ffd465fbbb7a	hca:0331_10.3389_fdmed.2021.806294_aea78ef1b6	hca:0420_10.1111_cas.15979_052ebae233	hca-hca	4	11	2	13	1	0.15384615384615385	0.5	0.18181818181818182	0.34090909090909094	9	10	0.05555555555555555	plasma cell	plasma b cell
pair:4abff59d4e7f85439f4e	CL:0000786	plasma cell	plasma cell	plasma B cell	profile:db67f6761473c9389f33	profile:708deb1e346f4da2428a	hca:0355_10.3389_fgene.2021.745483_5f4326fce7	hca:0378_10.1101_2022.06.17.496207_92cb140ff3	hca-hca	10	3	1	12	1	0.08333333333333333	0.1	0.3333333333333333	0.21666666666666667	4	9	0.18181818181818182	plasma cell	plasma b cell
pair:2301fe618ebf18e7c549	CL:0000786	plasma cell	plasma cell	plasma B cell	profile:db67f6761473c9389f33	profile:a6027db8ffd465fbbb7a	hca:0355_10.3389_fgene.2021.745483_5f4326fce7	hca:0420_10.1111_cas.15979_052ebae233	hca-hca	10	11	0	21	0	0.0	0.0	0.0	0.0	4	10	0.0	plasma cell	plasma b cell
pair:b0c004335aec4a11fa4e	CL:0000786	plasma cell	plasma cell	plasma B cell	profile:ecc0dd59325ba3a17667	profile:708deb1e346f4da2428a	hca:0368_10.1016_j.cell.2019.08.008_98c14c4ebe	hca:0378_10.1101_2022.06.17.496207_92cb140ff3	hca-hca	12	3	0	15	0	0.0	0.0	0.0	0.0	11	9	0.1111111111111111	plasma cell	plasma b cell
pair:767395eff6167362e2d4	CL:0000786	plasma cell	plasma cell	plasma B cell	profile:ecc0dd59325ba3a17667	profile:a6027db8ffd465fbbb7a	hca:0368_10.1016_j.cell.2019.08.008_98c14c4ebe	hca:0420_10.1111_cas.15979_052ebae233	hca-hca	12	11	2	21	1	0.09523809523809523	0.16666666666666666	0.18181818181818182	0.17424242424242425	11	10	0.16666666666666666	plasma cell	plasma b cell
pair:fea3a26744280e3f53a9	CL:0000786	plasma B cell	plasma B cell	plasma cell	profile:708deb1e346f4da2428a	profile:e6b3cf3916232e801a76	hca:0378_10.1101_2022.06.17.496207_92cb140ff3	hca:0481_10.1016_j.immuni.2023.01.002_2da3d3f446	hca-hca	3	4	1	6	1	0.16666666666666666	0.3333333333333333	0.25	0.29166666666666663	9	22	0.19230769230769232	plasma b cell	plasma cell
pair:86c45c5a042b481a2a7e	CL:0000786	plasma B cell	plasma B cell	plasma cell	profile:708deb1e346f4da2428a	profile:5e2bcf99b3b52ec0687d	hca:0378_10.1101_2022.06.17.496207_92cb140ff3	hca:0506_10.1038_s41591-022-01680-y_160aaf8b86	hca-hca	3	6	2	7	1	0.2857142857142857	0.6666666666666666	0.3333333333333333	0.5	9	8	0.13333333333333333	plasma b cell	plasma cell
pair:60b76724f5e9a80bca00	CL:0000786	plasma B cell	plasma B cell	plasma cell	profile:708deb1e346f4da2428a	profile:68dd9ae207021b118447	hca:0378_10.1101_2022.06.17.496207_92cb140ff3	hca:0513_10.1186_s13059-019-1906-x_0a4cb34cd5	hca-hca	3	3	1	5	1	0.2	0.3333333333333333	0.3333333333333333	0.3333333333333333	9	4	0.08333333333333333	plasma b cell	plasma cell
pair:dd7dee8b770dd7e8b905	CL:0000786	plasma B cell	plasma B cell	plasma cell	profile:a6027db8ffd465fbbb7a	profile:e6b3cf3916232e801a76	hca:0420_10.1111_cas.15979_052ebae233	hca:0481_10.1016_j.immuni.2023.01.002_2da3d3f446	hca-hca	11	4	0	15	0	0.0	0.0	0.0	0.0	10	22	0.03225806451612903	plasma b cell	plasma cell
pair:9f575e14eb29d56b482e	CL:0000786	plasma B cell	plasma B cell	plasma cell	profile:a6027db8ffd465fbbb7a	profile:5e2bcf99b3b52ec0687d	hca:0420_10.1111_cas.15979_052ebae233	hca:0506_10.1038_s41591-022-01680-y_160aaf8b86	hca-hca	11	6	0	17	0	0.0	0.0	0.0	0.0	10	8	0.125	plasma b cell	plasma cell
pair:7c1519a4a403d5e0e760	CL:0000786	plasma B cell	plasma B cell	plasma cell	profile:a6027db8ffd465fbbb7a	profile:68dd9ae207021b118447	hca:0420_10.1111_cas.15979_052ebae233	hca:0513_10.1186_s13059-019-1906-x_0a4cb34cd5	hca-hca	11	3	2	12	1	0.16666666666666666	0.18181818181818182	0.6666666666666666	0.4242424242424242	10	4	0.07692307692307693	plasma b cell	plasma cell
pair:377a9c4231669cfda8b8	CL:0000860	classical monocyte	classical monocyte	inflammatory monocyte	profile:954a62ed5da08d84011c	profile:54c9fb91cfe749f6f3da	biorxiv:611722dd-8008-1014-b70e-fa0b81b0ac37	hca:0099_10.1126_sciimmunol.abl9165_5f9974d5f2	biorxiv-hca	7	5	0	12	0	0.0	0.0	0.0	0.0	2	10	0.09090909090909091	classical monocyte	inflammatory monocyte
pair:6c591f2c645e5dab0cbc	CL:0000860	classical monocyte	classical monocyte	inflammatory monocyte	profile:954a62ed5da08d84011c	profile:d07fc047aedf2028b90f	biorxiv:611722dd-8008-1014-b70e-fa0b81b0ac37	hca:0166_10.1101_2023.04.13.23288227_0c5bc13bbe	biorxiv-hca	7	3	0	10	0	0.0	0.0	0.0	0.0	2	0	0.0	classical monocyte	inflammatory monocyte
pair:9ec6a093a8f04773566b	CL:0000860	classical monocyte	classical monocyte	inflammatory monocyte	profile:d170b320e4e95380e6cd	profile:54c9fb91cfe749f6f3da	biorxiv:d249a77b-6c97-1014-8df4-e171a53e6bf0	hca:0099_10.1126_sciimmunol.abl9165_5f9974d5f2	biorxiv-hca	4	5	0	9	0	0.0	0.0	0.0	0.0	0	10	0.0	classical monocyte	inflammatory monocyte
pair:3313b495053ea9fe400f	CL:0000860	classical monocyte	classical monocyte	inflammatory monocyte	profile:d170b320e4e95380e6cd	profile:d07fc047aedf2028b90f	biorxiv:d249a77b-6c97-1014-8df4-e171a53e6bf0	hca:0166_10.1101_2023.04.13.23288227_0c5bc13bbe	biorxiv-hca	4	3	0	7	0	0.0	0.0	0.0	0.0	0	0		classical monocyte	inflammatory monocyte
pair:2e745530cb95f837507a	CL:0000860	classical monocyte	classical monocyte	inflammatory monocyte	profile:e02dd82293e104736221	profile:54c9fb91cfe749f6f3da	hca:0013_10.1016_j.cell.2022.01.012_62a71f9225	hca:0099_10.1126_sciimmunol.abl9165_5f9974d5f2	hca-hca	4	5	1	8	1	0.125	0.25	0.2	0.225	1	10	0.0	classical monocyte	inflammatory monocyte
pair:b3c065a0fcd3029b1cb0	CL:0000860	classical monocyte	classical monocyte	inflammatory monocyte	profile:e02dd82293e104736221	profile:d07fc047aedf2028b90f	hca:0013_10.1016_j.cell.2022.01.012_62a71f9225	hca:0166_10.1101_2023.04.13.23288227_0c5bc13bbe	hca-hca	4	3	0	7	0	0.0	0.0	0.0	0.0	1	0	0.0	classical monocyte	inflammatory monocyte
pair:9d85eb3ba3346e695162	CL:0000860	classical monocyte	classical monocyte	inflammatory monocyte	profile:26e0a8cfa5a91767dd34	profile:54c9fb91cfe749f6f3da	hca:0090_10.1038_s41586-021-03852-1_eec89a5e36	hca:0099_10.1126_sciimmunol.abl9165_5f9974d5f2	hca-hca	3	5	0	8	0	0.0	0.0	0.0	0.0	30	10	0.08108108108108109	classical monocyte	inflammatory monocyte
pair:b638e9528192d138aca1	CL:0000860	classical monocyte	classical monocyte	inflammatory monocyte	profile:26e0a8cfa5a91767dd34	profile:d07fc047aedf2028b90f	hca:0090_10.1038_s41586-021-03852-1_eec89a5e36	hca:0166_10.1101_2023.04.13.23288227_0c5bc13bbe	hca-hca	3	3	0	6	0	0.0	0.0	0.0	0.0	30	0	0.0	classical monocyte	inflammatory monocyte
pair:30783daa7c3a358c9cae	CL:0000860	inflammatory monocyte	inflammatory monocyte	classical monocyte	profile:54c9fb91cfe749f6f3da	profile:5f853fd580c9b25faf86	hca:0099_10.1126_sciimmunol.abl9165_5f9974d5f2	hca:0113_10.1101_2021.04.28.441762_c83625bbe4	hca-hca	5	3	1	7	1	0.14285714285714285	0.2	0.3333333333333333	0.26666666666666666	10	10	0.17647058823529413	inflammatory monocyte	classical monocyte
pair:a61690d6c4eb1f0e3a28	CL:0000860	inflammatory monocyte	inflammatory monocyte	classical monocyte	profile:54c9fb91cfe749f6f3da	profile:c462039dc2258d47156a	hca:0099_10.1126_sciimmunol.abl9165_5f9974d5f2	hca:0238_10.1002_art.41813_55de40d8f6	hca-hca	5	9	1	13	1	0.07692307692307693	0.2	0.1111111111111111	0.15555555555555556	10	6	0.23076923076923078	inflammatory monocyte	classical monocyte
pair:b888f084072acb952276	CL:0000860	inflammatory monocyte	inflammatory monocyte	classical monocyte	profile:54c9fb91cfe749f6f3da	profile:8f8f5987ebd41462b008	hca:0099_10.1126_sciimmunol.abl9165_5f9974d5f2	hca:0398_10.3389_fimmu.2022.1034159_e51dfc8bb5	hca-hca	5	4	1	8	1	0.125	0.2	0.25	0.225	10	4	0.16666666666666666	inflammatory monocyte	classical monocyte
pair:f7bd8cd6a39af70ad13a	CL:0000860	inflammatory monocyte	inflammatory monocyte	classical monocyte	profile:54c9fb91cfe749f6f3da	profile:0d72d4350fb9f915af30	hca:0099_10.1126_sciimmunol.abl9165_5f9974d5f2	hca:0481_10.1016_j.immuni.2023.01.002_2da3d3f446	hca-hca	5	3	0	8	0	0.0	0.0	0.0	0.0	10	22	0.14285714285714285	inflammatory monocyte	classical monocyte
pair:267bcf011b6f691f0bda	CL:0000860	inflammatory monocyte	inflammatory monocyte	classical monocyte	profile:54c9fb91cfe749f6f3da	profile:11f32c44737012c16e34	hca:0099_10.1126_sciimmunol.abl9165_5f9974d5f2	hca:0505_10.1126_scitranslmed.abh2624_475f0b05e7	hca-hca	5	4	0	9	0	0.0	0.0	0.0	0.0	10	2	0.09090909090909091	inflammatory monocyte	classical monocyte
pair:4c8d838aa7befece2f74	CL:0000860	inflammatory monocyte	inflammatory monocyte	classical monocyte	profile:54c9fb91cfe749f6f3da	profile:8ed3ec8ae4fed298ca02	hca:0099_10.1126_sciimmunol.abl9165_5f9974d5f2	hca:0508_10.1016_j.devcel.2022.07.004_cfe769c9cf	hca-hca	5	5	1	9	1	0.1111111111111111	0.2	0.2	0.2	10	11	0.3125	inflammatory monocyte	classical monocyte
pair:855580d5246c12fa0c39	CL:0000860	classical monocyte	classical monocyte	inflammatory monocyte	profile:5f853fd580c9b25faf86	profile:d07fc047aedf2028b90f	hca:0113_10.1101_2021.04.28.441762_c83625bbe4	hca:0166_10.1101_2023.04.13.23288227_0c5bc13bbe	hca-hca	3	3	0	6	0	0.0	0.0	0.0	0.0	10	0	0.0	classical monocyte	inflammatory monocyte
pair:553f56ecc4420aaa5840	CL:0000860	inflammatory monocyte	inflammatory monocyte	classical monocyte	profile:d07fc047aedf2028b90f	profile:c462039dc2258d47156a	hca:0166_10.1101_2023.04.13.23288227_0c5bc13bbe	hca:0238_10.1002_art.41813_55de40d8f6	hca-hca	3	9	0	12	0	0.0	0.0	0.0	0.0	0	6	0.0	inflammatory monocyte	classical monocyte
pair:7a2c5443b3e03c30ff1e	CL:0000860	inflammatory monocyte	inflammatory monocyte	classical monocyte	profile:d07fc047aedf2028b90f	profile:8f8f5987ebd41462b008	hca:0166_10.1101_2023.04.13.23288227_0c5bc13bbe	hca:0398_10.3389_fimmu.2022.1034159_e51dfc8bb5	hca-hca	3	4	0	7	0	0.0	0.0	0.0	0.0	0	4	0.0	inflammatory monocyte	classical monocyte
pair:06be0f921478022ef4c9	CL:0000860	inflammatory monocyte	inflammatory monocyte	classical monocyte	profile:d07fc047aedf2028b90f	profile:0d72d4350fb9f915af30	hca:0166_10.1101_2023.04.13.23288227_0c5bc13bbe	hca:0481_10.1016_j.immuni.2023.01.002_2da3d3f446	hca-hca	3	3	0	6	0	0.0	0.0	0.0	0.0	0	22	0.0	inflammatory monocyte	classical monocyte
pair:8d9c689354731e44cfd8	CL:0000860	inflammatory monocyte	inflammatory monocyte	classical monocyte	profile:d07fc047aedf2028b90f	profile:11f32c44737012c16e34	hca:0166_10.1101_2023.04.13.23288227_0c5bc13bbe	hca:0505_10.1126_scitranslmed.abh2624_475f0b05e7	hca-hca	3	4	0	7	0	0.0	0.0	0.0	0.0	0	2	0.0	inflammatory monocyte	classical monocyte
pair:92b3933e6a2662925913	CL:0000860	inflammatory monocyte	inflammatory monocyte	classical monocyte	profile:d07fc047aedf2028b90f	profile:8ed3ec8ae4fed298ca02	hca:0166_10.1101_2023.04.13.23288227_0c5bc13bbe	hca:0508_10.1016_j.devcel.2022.07.004_cfe769c9cf	hca-hca	3	5	0	8	0	0.0	0.0	0.0	0.0	0	11	0.0	inflammatory monocyte	classical monocyte
pair:4dedbf8e6d778b2ff505	CL:0000910	cytotoxic T cell	cytotoxic T cell	cytotoxic T lymphocyte	profile:0baec2795fc3263107e8	profile:8ea645ad6f03529dd8b7	biorxiv:1fa7b83f-6da7-1014-a69d-d257852e8dd1	hca:0077_10.1038_s41587-020-0602-4_e82c5c2835	biorxiv-hca	12	9	6	15	1	0.4	0.5	0.6666666666666666	0.5833333333333333	1	3	0.0	cytotoxic t cell	cytotoxic t lymphocyte
pair:6bde29bde6f9f658ae22	CL:0000910	cytotoxic T cell	cytotoxic T cell	cytotoxic T lymphocyte	profile:90cc2e3f11a089dc50e7	profile:8ea645ad6f03529dd8b7	hca:0032_10.15252_msb.20209682_ea064ade0e	hca:0077_10.1038_s41587-020-0602-4_e82c5c2835	hca-hca	3	9	1	11	1	0.09090909090909091	0.3333333333333333	0.1111111111111111	0.2222222222222222	5	3	0.0	cytotoxic t cell	cytotoxic t lymphocyte
pair:61fd90e9ccbe79dbd890	CL:0000910	cytotoxic T cell	cytotoxic T cell	cytotoxic T lymphocyte	profile:f8841de5cd75924f774b	profile:8ea645ad6f03529dd8b7	hca:0042_10.1126_sciadv.aau4788_744a251f24	hca:0077_10.1038_s41587-020-0602-4_e82c5c2835	hca-hca	3	9	2	10	1	0.2	0.6666666666666666	0.2222222222222222	0.4444444444444444	8	3	0.1	cytotoxic t cell	cytotoxic t lymphocyte
pair:99b8a75630e8d17dd725	CL:0000910	cytotoxic T lymphocyte	cytotoxic T lymphocyte	cytotoxic T cell	profile:8ea645ad6f03529dd8b7	profile:af083302a54e5ce5af9c	hca:0077_10.1038_s41587-020-0602-4_e82c5c2835	hca:0099_10.1126_sciimmunol.abl9165_5f9974d5f2	hca-hca	9	5	2	12	1	0.16666666666666666	0.2222222222222222	0.4	0.3111111111111111	3	10	0.18181818181818182	cytotoxic t lymphocyte	cytotoxic t cell
pair:702a89ae90039c1a4b34	CL:0000910	cytotoxic T lymphocyte	cytotoxic T lymphocyte	cytotoxic T cell	profile:8ea645ad6f03529dd8b7	profile:baacdea5808e92a2adbc	hca:0077_10.1038_s41587-020-0602-4_e82c5c2835	hca:0319_10.1016_j.cell.2018.05.060_d1a05e99e8	hca-hca	9	5	2	12	1	0.16666666666666666	0.2222222222222222	0.4	0.3111111111111111	3	9	0.09090909090909091	cytotoxic t lymphocyte	cytotoxic t cell
pair:cece34953e1e730eb6bb	CL:0000910	cytotoxic T lymphocyte	cytotoxic T lymphocyte	cytotoxic T cell	profile:8ea645ad6f03529dd8b7	profile:b5f040054f37d4779933	hca:0077_10.1038_s41587-020-0602-4_e82c5c2835	hca:0347_10.1186_s12943-021-01419-2_236ba26890	hca-hca	9	3	1	11	1	0.09090909090909091	0.1111111111111111	0.3333333333333333	0.2222222222222222	3	7	0.1111111111111111	cytotoxic t lymphocyte	cytotoxic t cell
pair:26e8febdb789cde49161	CL:0002063	type II pneumocyte	type II pneumocyte	type 2 alveolar epithelial cell	profile:eb287c17c775e0fbdf10	profile:449f59ac79f07328b62e	hca:0272_10.1016_j.cell.2020.04.035_15a2d05837	hca:0477_10.1172_jci157338_273d70a217	hca-hca	6	5	2	9	1	0.2222222222222222	0.3333333333333333	0.4	0.3666666666666667	2	0	0.0	type ii pneumocyte	type 2 alveolar epithelial cell
pair:ca616468570b4a1a39dc	CL:0002350	endocardial cell	endocardial cell	endocardial endothelial cell	profile:91c4ddebd40e5f3056ff	profile:7344ce4f5b962fb1a5a0	hca:0080_10.1126_sciadv.abf1444_8cb053b6ed	hca:0502_10.1016_j.xcrm.2024.101556_a84a219a11	hca-hca	5	4	1	8	1	0.125	0.2	0.25	0.225	7	11	0.2	endocardial cell	endocardial endothelial cell
pair:d6c9e89a500fabfb703d	CL:0002629	activated microglia	activated microglia	reactive microglia	profile:bad505cabf2b7f8478da	profile:61b7827cb67a89c12f91	biorxiv:700d25d7-7306-1014-9c30-ec481bfe1ae1	hca:0439_10.1038_s41586-019-1404-z_d7516e129c	biorxiv-hca	3	5	0	8	0	0.0	0.0	0.0	0.0	2	5	0.16666666666666666	activated microglia	reactive microglia
pair:09f911278b46857f1e6f	CL:0002633	airway basal cell	airway basal cell	airway basal stem cell	profile:d0138a8a3ed97e52a804	profile:f91e2a73a6bcc941a8ab	hca:0169_10.1038_s41586-022-04541-3_a47d9e6ca0	hca:0329_10.1164_rccm.201712-2410oc_fdd97d9097	hca-hca	4	6	2	8	1	0.25	0.5	0.3333333333333333	0.41666666666666663	0	5	0.0	airway basal cell	airway basal stem cell
pair:23c10d61a8c637dae5f0	CL:0020031	exhausted CD8 T cell	exhausted CD8 T cell	exhausted CD8-positive T cell	profile:634d19f32f17accaecb4	profile:3213ca4ed9aefbbd0f41	biorxiv:e2efdcad-73c4-1014-9c6c-8a89f519fd2d	hca:0059_10.1080_22221751.2020.1826361_4a743eba8f	biorxiv-hca	11	8	0	19	0	0.0	0.0	0.0	0.0	3	6	0.2857142857142857	exhausted cd8 t cell	exhausted cd8 positive t cell
pair:233ab9b097865e376b60	CL:0020031	exhausted CD8 T cell	exhausted CD8 T cell	exhausted CD8-positive T cell	profile:634d19f32f17accaecb4	profile:a5ded300b779a1814333	biorxiv:e2efdcad-73c4-1014-9c6c-8a89f519fd2d	hca:0180_10.1016_j.immuni.2019.11.014_dd3bbb9bc1	biorxiv-hca	11	3	3	11	1	0.2727272727272727	0.2727272727272727	1.0	0.6363636363636364	3	1	0.0	exhausted cd8 t cell	exhausted cd8 positive t cell
pair:ae4a373ed0f376b447d6	CL:0020031	exhausted CD8 T cell	exhausted CD8 T cell	exhausted CD8-positive T cell	profile:634d19f32f17accaecb4	profile:1e9825d4a19f8b14bee9	biorxiv:e2efdcad-73c4-1014-9c6c-8a89f519fd2d	hca:0232_10.1038_s43018-020-00121-4_6badfd3276	biorxiv-hca	11	3	0	14	0	0.0	0.0	0.0	0.0	3	5	0.14285714285714285	exhausted cd8 t cell	exhausted cd8 positive t cell
pair:b683fe6c966bbe5def06	CL:0020031	exhausted CD8 T cell	exhausted CD8 T cell	exhausted CD8-positive T cell	profile:634d19f32f17accaecb4	profile:f17a90fe83eaf68a0576	biorxiv:e2efdcad-73c4-1014-9c6c-8a89f519fd2d	hca:0379_10.1038_s41698-022-00300-9_7bb9a273c6	biorxiv-hca	11	8	3	16	1	0.1875	0.2727272727272727	0.375	0.32386363636363635	3	5	0.3333333333333333	exhausted cd8 t cell	exhausted cd8 positive t cell
pair:deb58f90e4bdefcbae1e	CL:0020031	exhausted CD8 T cell	exhausted CD8 T cell	exhausted CD8-positive T cell	profile:634d19f32f17accaecb4	profile:7b9d6a2f3cbe20944bd2	biorxiv:e2efdcad-73c4-1014-9c6c-8a89f519fd2d	hca:0420_10.1111_cas.15979_052ebae233	biorxiv-hca	11	11	4	18	1	0.2222222222222222	0.36363636363636365	0.36363636363636365	0.36363636363636365	3	10	0.08333333333333333	exhausted cd8 t cell	exhausted cd8 positive t cell
pair:eca4aa408e128e171537	CL:0020031	exhausted CD8-positive T cell	exhausted CD8-positive T cell	exhausted CD8 T cell	profile:3213ca4ed9aefbbd0f41	profile:165bfedb173a0c342c6c	hca:0059_10.1080_22221751.2020.1826361_4a743eba8f	hca:0402_10.1016_j.cell.2021.04.038_26e3dc6d2f	hca-hca	8	4	0	12	0	0.0	0.0	0.0	0.0	6	3	0.0	exhausted cd8 positive t cell	exhausted cd8 t cell
pair:31e8b66cd272da0b665c	CL:0020031	exhausted CD8-positive T cell	exhausted CD8-positive T cell	exhausted CD8 T cell	profile:a5ded300b779a1814333	profile:165bfedb173a0c342c6c	hca:0180_10.1016_j.immuni.2019.11.014_dd3bbb9bc1	hca:0402_10.1016_j.cell.2021.04.038_26e3dc6d2f	hca-hca	3	4	2	5	1	0.4	0.6666666666666666	0.5	0.5833333333333333	1	3	0.0	exhausted cd8 positive t cell	exhausted cd8 t cell
pair:28021cc49225c36bbe9f	CL:0020031	exhausted CD8-positive T cell	exhausted CD8-positive T cell	exhausted CD8 T cell	profile:1e9825d4a19f8b14bee9	profile:165bfedb173a0c342c6c	hca:0232_10.1038_s43018-020-00121-4_6badfd3276	hca:0402_10.1016_j.cell.2021.04.038_26e3dc6d2f	hca-hca	3	4	0	7	0	0.0	0.0	0.0	0.0	5	3	0.14285714285714285	exhausted cd8 positive t cell	exhausted cd8 t cell
pair:e2125e2421839f56e554	CL:0020031	exhausted CD8-positive T cell	exhausted CD8-positive T cell	exhausted CD8 T cell	profile:f17a90fe83eaf68a0576	profile:165bfedb173a0c342c6c	hca:0379_10.1038_s41698-022-00300-9_7bb9a273c6	hca:0402_10.1016_j.cell.2021.04.038_26e3dc6d2f	hca-hca	8	4	2	10	1	0.2	0.25	0.5	0.375	5	3	0.14285714285714285	exhausted cd8 positive t cell	exhausted cd8 t cell
pair:52a97c2930b28df899aa	CL:0020031	exhausted CD8 T cell	exhausted CD8 T cell	exhausted CD8-positive T cell	profile:165bfedb173a0c342c6c	profile:7b9d6a2f3cbe20944bd2	hca:0402_10.1016_j.cell.2021.04.038_26e3dc6d2f	hca:0420_10.1111_cas.15979_052ebae233	hca-hca	4	11	3	12	1	0.25	0.75	0.2727272727272727	0.5113636363636364	3	10	0.08333333333333333	exhausted cd8 t cell	exhausted cd8 positive t cell
